"Laptop Asus TUF Gaming FX506LHB-HN188W i5 10300H/8GB/512GB/15.6""FHD/GeForce GTX 1650 4GB/Win11 (No.00808460)",Asus,https://images.fpt.shop/unsafe/fit-in/585x390/filters:quality(90):fill(white)/fptshop.com.vn/Uploads/Originals/2022/1/26/637788079927538825_asus-tuf-gaming-fx506lh-den-2022-1.jpg,16.990.000₫,20.990.000₫
"Laptop Asus TUF Gaming FX506LHB-HN188W i5 10300H/8GB/512GB/15.6""FHD/GeForce GTX 1650 4GB/Win11 (No.00808460)",Asus,https://images.fpt.shop/unsafe/fit-in/585x390/filters:quality(90):fill(white)/fptshop.com.vn/Uploads/Originals/2022/1/26/637788079927538825_asus-tuf-gaming-fx506lh-den-2022-1.jpg,16.990.000₫,20.990.000₫
"Laptop Asus TUF Gaming FX506LHB-HN188W i5 10300H/8GB/512GB/15.6""FHD/GeForce GTX 1650 4GB/Win11 (No.00808460)",Asus,https://images.fpt.shop/unsafe/fit-in/585x390/filters:quality(90):fill(white)/fptshop.com.vn/Uploads/Originals/2022/1/26/637788079927538825_asus-tuf-gaming-fx506lh-den-2022-1.jpg,16.990.000₫,20.990.000₫
"Laptop Asus TUF Gaming FX506LHB-HN188W i5 10300H/8GB/512GB/15.6""FHD/GeForce GTX 1650 4GB/Win11 (No.00808460)",Asus,https://images.fpt.shop/unsafe/fit-in/585x390/filters:quality(90):fill(white)/fptshop.com.vn/Uploads/Originals/2022/1/26/637788079927538825_asus-tuf-gaming-fx506lh-den-2022-1.jpg,16.990.000₫,20.990.000₫
"Laptop Asus TUF Gaming FX506LHB-HN188W i5 10300H/8GB/512GB/15.6""FHD/GeForce GTX 1650 4GB/Win11 (No.00808460)",Asus,https://images.fpt.shop/unsafe/fit-in/585x390/filters:quality(90):fill(white)/fptshop.com.vn/Uploads/Originals/2022/1/26/637788079927538825_asus-tuf-gaming-fx506lh-den-2022-1.jpg,16.990.000₫,20.990.000₫
"Laptop Asus TUF Gaming FX506LHB-HN188W i5 10300H/8GB/512GB/15.6""FHD/GeForce GTX 1650 4GB/Win11 (No.00808460)",Asus,https://images.fpt.shop/unsafe/fit-in/585x390/filters:quality(90):fill(white)/fptshop.com.vn/Uploads/Originals/2022/1/26/637788079927538825_asus-tuf-gaming-fx506lh-den-2022-1.jpg,16.990.000₫,20.990.000₫
"Laptop Asus TUF Gaming FX506LHB-HN188W i5 10300H/8GB/512GB/15.6""FHD/GeForce GTX 1650 4GB/Win11 (No.00808460)",Asus,https://images.fpt.shop/unsafe/fit-in/585x390/filters:quality(90):fill(white)/fptshop.com.vn/Uploads/Originals/2022/1/26/637788079927538825_asus-tuf-gaming-fx506lh-den-2022-1.jpg,16.990.000₫,20.990.000₫
"Laptop Asus TUF Gaming FX506LHB-HN188W i5 10300H/8GB/512GB/15.6""FHD/GeForce GTX 1650 4GB/Win11 (No.00808460)",Asus,https://images.fpt.shop/unsafe/fit-in/585x390/filters:quality(90):fill(white)/fptshop.com.vn/Uploads/Originals/2022/1/26/637788079927538825_asus-tuf-gaming-fx506lh-den-2022-1.jpg,16.990.000₫,20.990.000₫
"Laptop Asus TUF Gaming FX506LHB-HN188W i5 10300H/8GB/512GB/15.6""FHD/GeForce GTX 1650 4GB/Win11 (No.00808460)",Asus,https://images.fpt.shop/unsafe/fit-in/585x390/filters:quality(90):fill(white)/fptshop.com.vn/Uploads/Originals/2022/1/26/637788079927538825_asus-tuf-gaming-fx506lh-den-2022-1.jpg,16.990.000₫,20.990.000₫
"Laptop Asus TUF Gaming FX506LHB-HN188W i5 10300H/8GB/512GB/15.6""FHD/GeForce GTX 1650 4GB/Win11 (No.00808460)",Asus,https://images.fpt.shop/unsafe/fit-in/585x390/filters:quality(90):fill(white)/fptshop.com.vn/Uploads/Originals/2022/1/26/637788079927538825_asus-tuf-gaming-fx506lh-den-2022-1.jpg,16.990.000₫,20.990.000₫
"Laptop Asus TUF Gaming FX506LHB-HN188W i5 10300H/8GB/512GB/15.6""FHD/GeForce GTX 1650 4GB/Win11 (No.00808460)",Asus,https://images.fpt.shop/unsafe/fit-in/585x390/filters:quality(90):fill(white)/fptshop.com.vn/Uploads/Originals/2022/1/26/637788079927538825_asus-tuf-gaming-fx506lh-den-2022-1.jpg,16.990.000₫,20.990.000₫
updated
"Laptop Asus TUF Gaming FX506LHB-HN188W i5 10300H/8GB/512GB/15.6""FHD/GeForce GTX 1650 4GB/Win11 (No.00808460)",Asus,https://images.fpt.shop/unsafe/fit-in/585x390/filters:quality(90):fill(white)/fptshop.com.vn/Uploads/Originals/2022/1/26/637788079927538825_asus-tuf-gaming-fx506lh-den-2022-1.jpg,16.990.000₫,20.990.000₫
updated
"Laptop Asus TUF Gaming FX506LHB-HN188W i5 10300H/8GB/512GB/15.6""FHD/GeForce GTX 1650 4GB/Win11 (No.00808460)",Asus,https://images.fpt.shop/unsafe/fit-in/585x390/filters:quality(90):fill(white)/fptshop.com.vn/Uploads/Originals/2022/1/26/637788079927538825_asus-tuf-gaming-fx506lh-den-2022-1.jpg,16.990.000₫,20.990.000₫
updated
"Laptop Asus TUF Gaming FX506LHB-HN188W i5 10300H/8GB/512GB/15.6""FHD/GeForce GTX 1650 4GB/Win11 (No.00808460)",Asus,https://images.fpt.shop/unsafe/fit-in/585x390/filters:quality(90):fill(white)/fptshop.com.vn/Uploads/Originals/2022/1/26/637788079927538825_asus-tuf-gaming-fx506lh-den-2022-1.jpg,16.990.000₫,20.990.000₫
updated
"Laptop Asus TUF Gaming FX506LHB-HN188W i5 10300H/8GB/512GB/15.6""FHD/GeForce GTX 1650 4GB/Win11 (No.00808460)",Asus,https://images.fpt.shop/unsafe/fit-in/585x390/filters:quality(90):fill(white)/fptshop.com.vn/Uploads/Originals/2022/1/26/637788079927538825_asus-tuf-gaming-fx506lh-den-2022-1.jpg,16.990.000₫,20.990.000₫
updated
"Laptop Asus TUF Gaming FX506LHB-HN188W i5 10300H/8GB/512GB/15.6""FHD/GeForce GTX 1650 4GB/Win11 (No.00808460)",Asus,https://images.fpt.shop/unsafe/fit-in/585x390/filters:quality(90):fill(white)/fptshop.com.vn/Uploads/Originals/2022/1/26/637788079927538825_asus-tuf-gaming-fx506lh-den-2022-1.jpg,16.990.000₫,20.990.000₫
updated
"Laptop Asus TUF Gaming FX506LHB-HN188W i5 10300H/8GB/512GB/15.6""FHD/GeForce GTX 1650 4GB/Win11 (No.00808460)",Asus,https://images.fpt.shop/unsafe/fit-in/585x390/filters:quality(90):fill(white)/fptshop.com.vn/Uploads/Originals/2022/1/26/637788079927538825_asus-tuf-gaming-fx506lh-den-2022-1.jpg,16.990.000₫,20.990.000₫
updated
"Laptop Asus TUF Gaming FX506LHB-HN188W i5 10300H/8GB/512GB/15.6""FHD/GeForce GTX 1650 4GB/Win11 (No.00808460)",Asus,https://images.fpt.shop/unsafe/fit-in/585x390/filters:quality(90):fill(white)/fptshop.com.vn/Uploads/Originals/2022/1/26/637788079927538825_asus-tuf-gaming-fx506lh-den-2022-1.jpg,16.990.000₫,20.990.000₫
updated
"Laptop Asus TUF Gaming FX506LHB-HN188W i5 10300H/8GB/512GB/15.6""FHD/GeForce GTX 1650 4GB/Win11 (No.00808460)",Asus,https://images.fpt.shop/unsafe/fit-in/585x390/filters:quality(90):fill(white)/fptshop.com.vn/Uploads/Originals/2022/1/26/637788079927538825_asus-tuf-gaming-fx506lh-den-2022-1.jpg,16.990.000₫,20.990.000₫
updated
"Laptop Asus TUF Gaming FX506LHB-HN188W i5 10300H/8GB/512GB/15.6""FHD/GeForce GTX 1650 4GB/Win11 (No.00808460)",Asus,https://images.fpt.shop/unsafe/fit-in/585x390/filters:quality(90):fill(white)/fptshop.com.vn/Uploads/Originals/2022/1/26/637788079927538825_asus-tuf-gaming-fx506lh-den-2022-1.jpg,16.990.000₫,20.990.000₫
updated
"Laptop Asus TUF Gaming FX506LHB-HN188W i5 10300H/8GB/512GB/15.6""FHD/GeForce GTX 1650 4GB/Win11 (No.00808460)",Asus,https://images.fpt.shop/unsafe/fit-in/585x390/filters:quality(90):fill(white)/fptshop.com.vn/Uploads/Originals/2022/1/26/637788079927538825_asus-tuf-gaming-fx506lh-den-2022-1.jpg,16.990.000₫,20.990.000₫
updated
"Laptop Asus TUF Gaming FX506LHB-HN188W i5 10300H/8GB/512GB/15.6""FHD/GeForce GTX 1650 4GB/Win11 (No.00808460)",Asus,https://images.fpt.shop/unsafe/fit-in/585x390/filters:quality(90):fill(white)/fptshop.com.vn/Uploads/Originals/2022/1/26/637788079927538825_asus-tuf-gaming-fx506lh-den-2022-1.jpg,16.990.000₫,20.990.000₫
updated
"Laptop Asus TUF Gaming FX506LHB-HN188W i5 10300H/8GB/512GB/15.6""FHD/GeForce GTX 1650 4GB/Win11 (No.00808460)",Asus,https://images.fpt.shop/unsafe/fit-in/585x390/filters:quality(90):fill(white)/fptshop.com.vn/Uploads/Originals/2022/1/26/637788079927538825_asus-tuf-gaming-fx506lh-den-2022-1.jpg,16.990.000₫,20.990.000₫
updated,['https://fptshop.com.vn/may-tinh-xach-tay/asus-tuf-gaming-fx506lhb-hn188w-i5-10300h'],16.990.000₫,20.990.000₫
updated,['https://fptshop.com.vn/may-tinh-xach-tay/asus-tuf-gaming-fx506lhb-hn188w-i5-10300h'],16.990.000₫,20.990.000₫
updated,['https://fptshop.com.vn/may-tinh-xach-tay/asus-tuf-gaming-fx506lhb-hn188w-i5-10300h'],16.990.000₫,20.990.000₫
updated,['https://fptshop.com.vn/may-tinh-xach-tay/msi-gaming-gf63-thin-11sc-664vn-i5-11400h'],16.490.000₫,19.490.000₫
updated,['https://fptshop.com.vn/may-tinh-xach-tay/lenovo-gaming-ideapad-3-15ihu6-i5-11320h'],18.990.000₫,21.490.000₫
updated,['https://fptshop.com.vn/may-tinh-xach-tay/asus-tuf-gaming-fx506lhb-hn188w-i5-10300h'],16.990.000₫,20.990.000₫
updated,['https://fptshop.com.vn/may-tinh-xach-tay/msi-gaming-gf63-thin-11sc-664vn-i5-11400h'],16.490.000₫,19.490.000₫
updated,['https://fptshop.com.vn/may-tinh-xach-tay/lenovo-gaming-ideapad-3-15ihu6-i5-11320h'],18.990.000₫,21.490.000₫
updated cps
updated cps
updated cps
updated cps
updated cps
updated cps
updated cps
updated cps
updated cps
updated cps
updated,['https://fptshop.com.vn/may-tinh-xach-tay/asus-tuf-gaming-fx506lhb-hn188w-i5-10300h'],16.990.000₫,20.990.000₫
updated cps
updated,['https://fptshop.com.vn/may-tinh-xach-tay/msi-gaming-gf63-thin-11sc-664vn-i5-11400h'],16.490.000₫,19.490.000₫
updated cps
updated,['https://fptshop.com.vn/may-tinh-xach-tay/lenovo-gaming-ideapad-3-15ihu6-i5-11320h'],18.990.000₫,21.490.000₫
updated cps
updated,['https://fptshop.com.vn/may-tinh-xach-tay/asus-tuf-gaming-fx506lhb-hn188w-i5-10300h'],16.990.000₫,20.990.000₫
updated cps
updated,['https://fptshop.com.vn/may-tinh-xach-tay/msi-gaming-gf63-thin-11sc-664vn-i5-11400h'],16.490.000₫,19.490.000₫
updated cps
updated,['https://fptshop.com.vn/may-tinh-xach-tay/lenovo-gaming-ideapad-3-15ihu6-i5-11320h'],18.990.000₫,21.490.000₫
updated cps
updated,['https://fptshop.com.vn/may-tinh-xach-tay/asus-tuf-gaming-fx506lhb-hn188w-i5-10300h'],16.990.000₫,20.990.000₫
updated pv
updated pv
updated pv
updated pv
updated pv
updated pv
updated tgdd
updated tgdd
updated tgdd
updated tgdd
updated tgdd
updated tgdd
updated cps
updated,['https://fptshop.com.vn/may-tinh-xach-tay/asus-tuf-gaming-fx506lhb-hn188w-i5-10300h'],16.990.000₫,20.990.000₫
updated tgdd
updated pv
updated cps
updated tgdd
updated,['https://fptshop.com.vn/may-tinh-xach-tay/msi-gaming-gf63-thin-11sc-664vn-i5-11400h'],16.490.000₫,19.490.000₫
updated pv
updated tgdd
updated cps
updated pv
updated,['https://fptshop.com.vn/may-tinh-xach-tay/lenovo-gaming-ideapad-3-15ihu6-i5-11320h'],18.990.000₫,21.490.000₫
updated cps
updated,['https://fptshop.com.vn/may-tinh-xach-tay/asus-tuf-gaming-fx506lhb-hn188w-i5-10300h'],16.990.000₫,20.990.000₫
updated tgdd
updated pv
updated tgdd
updated cps
updated,['https://fptshop.com.vn/may-tinh-xach-tay/msi-gaming-gf63-thin-11sc-664vn-i5-11400h'],16.490.000₫,19.490.000₫
updated pv
updated tgdd
updated cps
updated,['https://fptshop.com.vn/may-tinh-xach-tay/lenovo-gaming-ideapad-3-15ihu6-i5-11320h'],18.990.000₫,21.490.000₫
updated pv
updated tgdd
updated tgdd
updated pv
updated,['https://fptshop.com.vn/may-tinh-xach-tay/asus-tuf-gaming-fx506lhb-hn188w-i5-10300h'],16.990.000₫,20.990.000₫
updated cps
