Name,Price,Price_Origin,LINK,IMG,RATING

Máy tính bảng Samsung Galaxy Tab A7 Lite LTE SM-T225) - ĐÃ KÍCH HOẠT ĐIỆN TỬ - Hàng Chính Hãng,2.950.000 ₫,4.990.000 ₫,"https://tka.tiki.vn/pixel/pixel?data=138lxu7WHe0exocbgVBXLfZ43BaeNBm0mGZ2nl9lu4FkYED1O_U_2QL31jfABFH_tUdDDg2FYb5hE09ZqdDk4veYhNIBMXR5q4hZuU2YLtnglbturbEVUbTNU0akx0q-oXwqbZlTBpjKIcdFXtr6cfEe1OwEFmHGnGYomDuByjiXTZiTrJ2MEuz7ecYfpBk9QQM7L-HrjG3PRXuZ7yyGhNWZ0chukFqM0d9oAjvgLJhm-hpFXWPAu2eQemwcvwJ-Bvf5qxMfGVBD7NBc5P5luu_qkpbTppyCgACl-IMIsKq2q2NIe0YuD7IYsCDdX8-YEetyrI2FZxVgIatQnYg9zH-ovJFLK4PLYI11nnuE2NHtIq70LbpWLNUcs-s9b-H3XPwb8sw_B10u578g767xmrTYkiKYOe-n_8wV1X8oyYd_7gaLILPdwuw09-4TpdWlPe-X2wGAq_mzbDNg4p2DQh0xD297WmicnieC_5r59L9dhJs2pSLhklj-QQTTFDExtTOoMES0zZQ8Un3s1ZE4Q9m47Zu-n6h7I2wBw32B6tInoL9VqeeoGnceX6AVVoMNsjXqDFGXyPQMmslG_SPSB8LpJA23fcvdCzTviF09PB7WXwIV9UR25cvL0IX3beLHH1nlLHN4FGs04oFdmkUv-hlt_nvWmY2E6mBw2i42iyJUbSesllvg6tBelIYjUFvEwnrBZfh4TAL9X1xlQ7bpPm8vJILphbK4EqCbxK-tlRUfP2RHhit_HCQHCaqfS-3x0v0dkDcDjcJT5aeQ95-nRyHLG4SH2y9EB7G3_wxyI5F5zYwfJiIdOWNreUDZ3TFnsq2dcKkpCQ9C9E3BxFhOBlFDYIjLJXdve5PMf8aPPkTi5tz4wCkBPzKUq3AdAG-JcX5dlVphZNlilZmZ1Dxtbc8is25oO_YHyb6XwECFpLf_yHDvlrxbud6R2Y9VXecQnMHxhxhpnjFGkLTIDv5fd_UmIorG9nAbAiXwO7vPcE8eM5uPCiwuDeqA9GYYbICRSXVXc4dVl3HdkhdBYE26mcMN2OSB0HjQQoQUvnDGR6DEdie4LsY0KmEgkARh1P8s8p1zQsnxyp72j93hOtsG60WXeIrtVLyeYTR0YuHGqGzKygcUHD8hcJAObKrA7Jhfb__6rD-B2RJuIU7jSXpXvhZgOqQpx71460GLCZJqIbqQbbLwtboTGcRFft2tU3qT9G2TE12RG6WTlDAVxkIVFAPnInb7-H42NX04PEqLEk3xtdyyn-vrWRVoefAWFNI2GWhc-yN_JsQ_Aw6AE6r8vlwFBO_rftzHv5JmC88foR7WyakmqLxEGBcPR8Vs0Fns-ce95mLDpAk-TVivjc77PPHfqg5mWsmBjYezZ3zwWxB-bzRLV0W4IyTSQvwRMzfuhjHR10VHPvDaCqb8PewnlMn8pWtyL5SXzQW5gBqSDlQsjUZJlxQJd8AoHowfPNXBQTO0GVtrK6dVG_1AEKwBBNCW1ZgGNOX1FlENlZ7bFDT7Fe8uIR0VeiW0F2uYlHSTma0WjRnu7KXJJBNUmuL485DIc6bMCLMewF_Dd7GJoHvm786zfO5yifXEuWS18bXzFHk5Xp75y6-epTKiyvm0QzNaHzoQsjAJXdEMF3EyGh0zzXTPPulbLsCc00nxVRMKt7L48Fsf&pos=1&reqid=2jQtGGAfqtoviULR&type=CLICK
",https://salt.tikicdn.com/cache/200x280/ts/product/15/b7/63/7264698dd6dc77d3c5541577b785ee0c.jpg,None

Máy tính bảng Samsung Galaxy Tab A8 (2022) - Hàng chính hãng - ĐÃ KÍCH HOẠT BẢO HÀNH ĐIỆN TỬ,8.490.000 ₫,None,"https://tka.tiki.vn/pixel/pixel?data=lZwFIqSJAaIZy2kFco_13qSWtraXXPZUL54y5u22XZivsjceZgJyidLEq5EVe_pX09iu_Q4i2BDYFnakTlQbl8Su3I8ux1dSkSWfp_07m3H9FGj4E9d6MwIWBL9ZqN3G1ZXeZbb75o3c0kkwEaHgyVe7A8lZtz4hOkN6EnvE-vVYndZXfTihTohF7ndPPyU8H1rjCOq2WY4pjaTPju9oCOr-aaCkTjY8arS0O5Xs5VZVKVpa4rLumoaSmpOknbZSyrV8NZUu2P11Xwjb_dUafgcJB-MRWlthxi6qHhAh3K09RGyv8ZrDLxFF60uw6iD9j5AgjjbsOyPmg7nKBOomgF2XTMmjlTTXgrj73rOkK0GDBKGJrR4g-yI9YqEXzrRKsEfTo9rS2thYz9ebB7OLESCBfZ_o6Ot5Ou14z6V7i-as_BFqRvmCizj0M3x0te4ExCKwQwXVNVh5UT_GOuFYUDoM8v81Un8GQa5iW6aOYzbzWPuAhGbA_xrOGIs6H98CKZoLqcMoTM9Q-00TV6Ib8xqMcSVO_qYAYxQYcFfHAEokWu7F-N9iwFKFqIdRrEzwwk6pDb9YDkrOWg7zA_XForNufoxtA0f-baLk3nK9ZkUbs5tXVzg2-JglgZMxeKfoIqeV7i68ERIyk6TzAAzC4BYYS47i0pt3sjuiSDaSt_C12Fs4ks5H7iGkivja6GOhM23qq1JesHs565uYYz5IUn0h5v4gHGmhwGw0xAHF9ViS8nqNvT5HgsJZ10jKNTwCYmNwQBbJZ7To1UjuPOf91D3mN0yw8gjqN_sr7Ei1kjopVOLSbr7o-R6EaeoJcubs7rPrHBoUtCz1HHoku_WxcQfbQS1sgZvV-H5_6tz2jafwZoMEwd3BylZ_IGCZFlmIrKncQAZ0YKzETt02StyZCSJT4BGCT5lrCesz6R6DuCfw_71wEgD6rbpIZQCePauFhpULwOVF0Y-8qObsrXNlDx7KeKs7KKbfH6VG7_bOoK5QT387Vn_oC8J2flFQUel5MP6cfdS43OvMYXgeSqDQ7TGe8iSEnZsGmXGMv8tLTCkGeCDPWPY0ISnFTZW52zx_ZED6vN1l38WP8L66M23JxvP6wUBDNBkgBXNWoXFn_8G675k1NnmOyG2SRBB-3DpJ-K5onLxx3BMCZ50Tg61eDOFHSOy2qPe9c77YoAvuaMu1AQjCczOotaOePKU-fhFpM9kQ7ShcYTBvXmThirYWOE4cjuJNCOc6xbXhAU4t81oys5gD4_uRBNJ6XsueMIieKBIRgOzlHpD3lFPzpr0E5Z64BUwdZMpzpEc4pNszz-CnkwgRskU_rSpICWTq0ssdT60s1ciQgnY7o4gg04abhq2BSKKgvRtWsXWZMOaM3fVVL1f9nY5QYdFCSDt4d3JqCOIluifMophYdN8jD1sD1VL5X1wzOhqUYbsp5R1tjV4qtZOm1WZaawJhzceyozU-o0f5NgIg69syQ8RRwJ8k86Yos-KB2gT79mnlw1dmdgmMBvSLsDuxLNedd6-2KaoWqNXHp2E__f1hO3K3VCFRtwWFJx3Oq3R1E0J1T9BJyHNtTKRie-rpd1zadISdv4fdORPFyLlFuEXkuV4DidDgLnvnw8JomV1-mzBvNpD3vllV6_sHtKXB1cyFgaSxz9Zy3VUkik4O8RX7REdiLkMJ&pos=2&reqid=2jQtGGAfqtoviULR&type=CLICK
",https://salt.tikicdn.com/cache/200x280/ts/product/a6/b6/6a/5421e908c949785805b2b32bb20b59e7.jpg,None

"Máy tính bảng Fire HD10 2021 - 11th - (All New Fire HD10 - 2021) - Ram 3/4GB, bộ nhớ 32GB, màn hình 1080 FullHD",3.230.000 ₫,3.990.000 ₫,"https://tka.tiki.vn/pixel/pixel?data=f5janNYH_cEWZogBvyhVFQLcuUsuR6FZzZW7-Ixuk4f5T6AdHr1DCyZG6Zu_qlNjatQFlX-pqi5_YFP35RoebjGjW5OCqMZAaNoBIheO71zsY5WUoLL79HGqNNqTrglmEGAuBvBh_ytFSRn14pluOTX0zdqfriDP-qX7vVdwOYlhX9m5jLOHpiVUi2-1ZTnIcBhLKqwQ2p_Qs6IV-jj8stL5iPGKrB-_x9lrMI0Q769Tlna0o6Y0JWMO819c5uDZ5k2NUc0HCMshsUxJmfWYa7oFveJKaGcBvHPckMO_ViuTNTcnYhpGktXVkDYK8gk6YBWXhKRiRYj2_VS5gBkka4-2pb775o4U6JgT54I_sSuVGhay0Ido3ExdY9TbpUidEZe9o1gucpvqwAxBz0aGQXWugaCKGP5rcO3xv3iG3UXHQg9Fy0mRrTx-IoG7mB9jvRwrrZQurqsOz2bHKcrUC64YJvi9gkd48RMLF4HDflzY0MjW9RuILfzvU-17bhtkgHA-T2yY45h5W1ss1JI8myRhJLVBalqBHb6wpC13zjlX4xj4Xu1W2d-U0zqgPFLjgx84bUuIfkZpvVALRlCyG8dJPRf_U_O8rghAtbDD2OBWKTwORNH5rjvcL0w7MKhFeenODq_NTtZl5gF-MiijwK9iae3un_RBe9KqAfkqUICiBamMoiMRpjqHE5ZjVyR9DtzLEggkS_F98-15tqMdweFGNnaIpvHQI-KJ93NDAd1HyW6dpv0J_uoxJp9JFI0BqDSKU3sybIAlxw0DfQ-mKrlBp4kvnfIdHMxs0BX-oMy9of5iu7vcKrVYjGv5Zit023sH_Y5ssCbdQmTo6bXoxEGeUakrri5L9l8vnNqAzmj4oMParEGZUcGySLpqrNpwRWwy8TGBh7KM4P2UJbhK1GU3frwqKZbqqGFckH7iAermRdcBBvP7xlmE6s4wS0Tv_aIL8gA07F4HSi4ABCQj7KdXa7nrCxlS8G5JjHE2rbtkNcCufjkxMbS6f0wJAeimcVQ70whszToOVWZkVvxMJzCb0et-U9F6FMc3jmb1gYzq4KBaK0kxAmJzkzOdgPLd9n0nT3Q-ogLmydPAc3epTYpWy-Gd2lx8CUCjDdiPYXEbdJOVVMH4V4H3Lwq2kz-194iVsDCg0HQVsg-RnZNyJqrGofS6lsuny_xXVSCYZTCcOQsmazpuSsO14W5u_jd2_pVQit9Aknz1H7BjtIXTbqU-wNBzfyHqnuu4wQomhxAK9XKtgKpaKzppzsKQBluwhMpBYSUabn5Y-j_fjjvgkGvXMpa0W6jcUNAwtdP4GDfZYXZd0Lp2GCx-l3pCHl35pTTONDO0CK188x1D-84UqpUA6wZcZ1lEe_58O8ZYSXnRfa1fCEkJzEN9pRzHbswnNDiNw0lCfc6Rq9ooERpOhcN5M4UEv61pUAPog6qOONOKMjkpqPWbTnyKUHY4Nhx6haBRqc3dYfaYVHfNE4emtPGwnjuWlkxvgszcpWYuDaIMdZnPETwgscjHzS9yzunWeduByTRSmAlO9qpSOdszxLE3dXhpapJHjGpr1B2NnU99yypvt3WvP_LzTiZdKbeNQhDk3Py6lp2XtaHFbOk37YVksOnJbI3usGpFklYYIbRxFPTs6yGLmluUv5O7LtNutt7XCifxK-ys8Kv3ld5wMqgczJ_hKHiUnHjZDmmxxW1N7nFtAn1VNHD5RNy00g-W-5gY62N6&pos=3&reqid=2jQtGGAfqtoviULR&type=CLICK
",https://salt.tikicdn.com/cache/200x280/ts/product/37/c5/a2/700582e658ac9c5e9dfc2ccc62932017.jpg,None

Máy tính bảng Samsung Galaxy Tab S7 FE (4GB/64GB) - Hàng chính hãng - Đã kích hoạt bảo hành điện tử,9.790.000 ₫,13.990.000 ₫,"https://tka.tiki.vn/pixel/pixel?data=Fxlfk-dzXRBt1TzCTRVT_udfKbJZSCNgLxlc-74F1Au4iI5t7ziYpDZF7K9_kEBuJSg7w8XWy_DTJ9uSiZzYt_lsEioKCGmyjqRFoUXL5l4SuNdlCAQc07H6FtQtRJdikf8freqqUE6854qMHzm6jdBrhcow4t0Tg3_dLS-DbXmf8uoNERU_xbTwY8O4f2lb95FtuJ4BN0gF2Wdrk74uX-dMnBADMXZ4TUUXBLqDoUHgZUHqQ19QW0NkDY1hKCxzTbxtwVi931Jn6BALXETtGvavTJj-n5fw2eNJAFiqkCqOLglh0ipapztWnL-k3Ico9B5an03UAZeyFsDP3yzr6QsapPZi32Rn4_E7GF8jADBsjYdoHRWVR_o6AnIabFrAZvRMH0OR8i4vSGb62d0RnnizKpKYUMiJNiinBgjtnNgDBxqGqSJ1GLFuk_ecsSJXClwZfel7c07Lokug_zU78lLjK3HCIai8a82GtnhbXYWl2vpLPtQfoAv_iwH3wk1782j4L7uH_HLdf6thJz5S-Z3FPIgF8vBtVNJ7hy7WqD2I55w8rk9VrEP-9Y7nqKgjpxcxvuprN9JSINqkss1Xe3WFwakrfQ_0t8KGmGX_x_ram54ejaXmrvUIhvgADaKh7r1QDsC3BUircBN42QPsaxnALoe0N7wWRWDrRCU8Bn-VCmiVDf6LqHEaKZYD86Il4qXD0FKh0r51ZvE-8uqXMEEkUFPt2d7imz-pDRYwa0FBfOZjMr4KLN7Gw0oZBgUAljCj4HVZI1vkBjGFu7AGGXTSzi0CKxNnysfm9X28ctY04z5b94GUdmkokob0Ryl8QeZhm5lCYtgyF3M7P3iHoN0c7ZvZqJIfuQZ5cvyGZslrepreCIowBUswlT8bSMOSNsizyNOkuu8yje8_OeqZ33-xu_AGs-VL-pG7H6YUAditA4K75pm05wGh98XHR8bOeCIDa6pvc-YN4JaDnOzUsKwd5UIxgGNAJ7RHukxfnRa9_Kz7ltJaZ5gRiA_7XnDeHjLxaYPzEuanCp-kDeVCNvJbQZoUfqOppXCWD4eQndzdmYNaWhurttu0OeU6dniahrsy12O52dTF7wQARajaZ162Mp_Bt30yVmQk1noISj2EmCr9Xigzvo5DYHwa_NuoBcI4ssZIMOhXINlwp1USDsuoDF3SbeyiUh784M0xS20tSQDWG71yBHmr9l3NEeJ4gmMdHMrSAK4B5hjz94Af0R1bNwPHhHw_c_sIrCSQbFWM6T9BMGhcdwTvT4usPrixiCZXeSE_hSAGP-OB8uiJKrzS_zTgMuwFPQlM9QcmVHS4kzpI-vSffiHOgEH_USqLkTGzlccUhKb6P-JQTjBOrzVyLB5WR7WZ0M5uVe8rHI1olJ_DDe1e8hjLlx5_PzPWT1_rommkd79BjvFB3lJ5-xhqUhHjUefVwsxMga9mht0wq95GDycAJXsSzHH1C2TwcxzhCx95cV2HYtO9oJPoCQRglK1inSBoBx0DS-FKab1so1QVLqV1Vkk1H8ce6_6MLsdtl6pkG9XoaHdTWUsOvKdrg6K4DohMj8TmDMbTItk_TGPrEqh3Vno1ZYuMl2pWYHrMGcW3pwTXqDKDyS0dOYf5IJrKd6gKqfgx5JbQhuUW4MwouoLk8b6-5g830JvJA9btZSoXNr_AS0DwCo0Fdt9BBVlqkA5T7X7_LA&pos=4&reqid=2jQtGGAfqtoviULR&type=CLICK
",https://salt.tikicdn.com/cache/200x280/ts/product/0c/a4/0a/778415bf9de87df4e62031220ef9b400.jpg,5

Máy tính bảng Vankyo MatrixPad S20 - Hàng Chính Hãng,2.590.000 ₫,None,"https://tka.tiki.vn/pixel/pixel?data=cngykhB6QB-DClOeC_2yJIxF8XCBSxg1oxUY3CuuVTWJpY2R6Fp24QR5C8ydrFyEbUokn2hiGjK33NDPVWVG2TPGZ2IFDUlNtBvqG8mX8GisB7wHd1hKH4YF0H5V3DZssDJP9uHkMnKNb5a1BpU470HdUZwEh676KdTKyCq610cYMrFaCGHoZUpZW_ssU1SrNqytXRb0lXa3siVpqXlvymKaJbbpM8v2vAzPXXUlhjKmY18WgAyog5b5PnvEGCjGiQXKTg54gUL7q-8Zv6j9tX5Vw2ESVp5AAaMRhhNFm-sKgNs0IkDGhCLwob98aVbMpAfACKpFC83thwThSHgOhvHxrXKmwv7FcbVtV9sveI_DMGrygJsfem0lAbuPuFfM8dEneGLBawtBcUKT2n2VpDPU0wGBikzyBaWcm5TH7fxPqPO-dmtty1-XGjSro_MC_8e44rdiIBP9E76vkJM9c0nUhfmzxc6a6hmXIrsHXd2e4kwax64kJTFzYcuWvWziRu79FKZL5buTFsNIDyMbOdekimaMY1-lwhrawAQ-GuLYIG5dYwMWEZl0E5y-AibBMbQ-C8uLDdcOmZBDGrSxkQqkK8bEhS-KJilL9dBgtt0l5Zr1LR-C7LwoHIxz3JKHi61qZPNyYHP6W5mHTe6emfV_dEF0HXLt8zqbbSQysqP0tS24yZiOrJ4FpeSdNK15wKPXvXeSvuWLAOz8y0jnK-n-FSREH0hAS70ferBtZFg8ARNkgXoduAqK0dQfS4t9KZT3ARDdtXf2zpNnHHGPGl5EV9y1hz-SCxJdAI7ByjHhmLDjPZpXJxMn8MNAKTseXgsuawzm5TzBXpeR2s4cxod3PXHyuueiSBK37szOJ4gckcllzbh2F6SbMelTES7a5b9U4zOXvXDoku6nNac1zaw3FjB_uhU1rlh0ilOXbYFXWilDcaHm0xneFzTHtiG169DEwfnX4CxoIRomQdZxZ2spimU5--79A4uXl6s2CA3VpOaq39I10wXtVPJEgptOxqT4QANg3ewOkoIRpEjKNOzkwKx1Ib6jinSg_ksd51FLapwSZubPHGTjtTnKDly9CcgyfHXz-AZEEKtWkJQEwuTWOWgNUe4AXovBEhLdsGC4QscXbJrEClzLk6RBXrtVFmcZLIycyA0or-PWz5X0O29k3sjzyS_eHy4miXRY9J2h6KnJGEFer5d1ThhZW9G9gv1whmIR6N1SXUBRhrnm42bM6vOJsueCE4ZaUNK4xIrr2IK8RdokOyxL0FXbGFjZnuy4bu03bX7WkCH5JtCY8x9WS4t3VlyveS_LFu6aB7AdzpiydPiNuIw0k2Px6WQceCiNq4gWATDxiwHtT6-YYvbBPPATrtOs751NwtZ9tfVHeGQM44ubFIWwLwMSPlUb37VsN34g1197_YR4ciqQd-tOPNs4zNzuhTpjBdpcgQpm6dGXWH30uXEP0pfwuLWRIZw5jmNlNkRWgW75qj3OLv8XedYVYlx_Al52T92jb35RhAxVnaSeo8coxnc4QY6ESdoZ17wzrL_52iR4N9joKJRjJdU5kTPxHcNhGSJ2chpmNTB3T7fdjDKZcQ&pos=5&reqid=2jQtGGAfqtoviULR&type=CLICK
",https://salt.tikicdn.com/cache/200x280/ts/product/f1/67/a0/ecba34184c1241875ce3bd9203ca9029.jpg,None

"Apple iPad 10.2-inch (9th Gen) Wi-Fi, 2021",6.990.000 ₫,10.990.000 ₫,"https://tiki.vn/apple-ipad-10-2-inch-9th-gen-wi-fi-2021-p183330021.html?itm_campaign=tiki-reco_UNK_DT_UNK_UNK_tiki-listing_UNK_p-category-mpid-listing-v1_202304040600_MD_batched_PID.124939769&itm_medium=CPC&itm_source=tiki-reco&spid=124939769
",https://salt.tikicdn.com/cache/200x280/ts/product/54/ff/25/bfdf0febe11a28eaa7cd3fa735a82c49.png,None

"Apple iPad Pro 11-inch M2 Wi-Fi, 2022",20.490.000 ₫,23.990.000 ₫,"https://tiki.vn/apple-ipad-pro-11-inch-m2-wi-fi-2022-p205815593.html?itm_campaign=tiki-reco_UNK_DT_UNK_UNK_tiki-listing_UNK_p-category-mpid-listing-v1_202304040600_MD_batched_PID.205815597&itm_medium=CPC&itm_source=tiki-reco&spid=205815597
",https://salt.tikicdn.com/cache/200x280/ts/product/c2/7e/ba/44fe328c9a95e8bbc9cb84caaf3a25cb.png,None

Máy tính bảng Samsung Galaxy Tab A7 Lite LTE SM-T225) - ĐÃ KÍCH HOẠT ĐIỆN TỬ - Hàng Chính Hãng,3.150.000 ₫,4.490.000 ₫,"https://tiki.vn/may-tinh-bang-samsung-galaxy-tab-a7-lite-lte-sm-t225-da-kich-hoat-dien-tu-hang-chinh-hang-p103168844.html?itm_campaign=tiki-reco_UNK_DT_UNK_UNK_tiki-listing_UNK_p-category-mpid-listing-v1_202304040600_MD_batched_PID.103168848&itm_medium=CPC&itm_source=tiki-reco&spid=103168848
",https://salt.tikicdn.com/cache/200x280/ts/product/01/44/e5/a704c98eb41f4e939f211e98f64eaef8.jpg,None

"Apple iPad Air (5th Gen) Wi-Fi, 2022",14.290.000 ₫,18.990.000 ₫,"https://tiki.vn/apple-ipad-air-5th-gen-wi-fi-2022-p184253251.html?itm_campaign=tiki-reco_UNK_DT_UNK_UNK_tiki-listing_UNK_p-category-mpid-listing-v1_202304040600_MD_batched_PID.168721266&itm_medium=CPC&itm_source=tiki-reco&spid=168721266
",https://salt.tikicdn.com/cache/200x280/ts/product/42/0f/92/2f5a875401334239950b277660ccc79f.jpg,None

"Apple iPad 10.2-inch (9th Gen) Wi-Fi + Cellular, 2021",8.990.000 ₫,12.990.000 ₫,"https://tiki.vn/apple-ipad-10-2-inch-9th-gen-wi-fi-cellular-2021-hang-chinh-hang-p184250010.html?itm_campaign=tiki-reco_UNK_DT_UNK_UNK_tiki-listing_UNK_p-category-mpid-listing-v1_202304040600_MD_batched_PID.124939754&itm_medium=CPC&itm_source=tiki-reco&spid=124939754
",https://salt.tikicdn.com/cache/200x280/ts/product/54/ff/25/43460be30be01316325f03106250c8cb.png,None

Máy tính bảng Samsung Galaxy Tab S8 Plus (8gb/128gb) - Hàng chính hãng,18.990.000 ₫,25.990.000 ₫,"https://tka.tiki.vn/pixel/pixel?data=YnNuc-qxqcPWFCfuK8UBoeBOcIFCHhNfBxKGvk_Go45ydrnbGa1Z1DeU7Hlln61US8NbZ5npk-JFoBS44lmWdAdNTyFyHwV7GoJWH-DFgt2r0Z4SXA-hITeJa-04XeDyH_0p2jQ1BGUjscdAAzVtRcXD9PsKmYObwfAmhPi7wE-JifNzmtZdpo5QpZgE3PuR9PokbRcqhEoYNTKtNQdoZwberxbooBp92pRu3wy7zMdN_25KDC6CoX9IjLxW4Z4QbKdgA5IlqxbeR6l-pIMLs8ngOlmi4Q3l0uS-3iCLF8ph-gZQXXAMdoiva1k3LBIHu_EAdgKK0uXmqn4Br2Rx-5aYEfEHLlccpG3GDe-OgMhoO7zj9oq1L6VKycr_b0oQ9hJpeQp06bL_7nJmUwjmbJsDpxYXV4_Enxk3acnxkOKyp1yVvs6rw3A_-M2wNB2xFhZRvTEpySVfBFlK-1jm5mY-nV058u2bh1Xe20rYzwJ68AG2kuzH27JggKWuxv4eTAuMoufhw4dWwv7lwp8Jin-Z48woy3CIWfa1ULcM6XRRJc-Q4fd2Oqmq9w4RPWn2ngvwwTwp8Ogrqyc9HJ_LYqaesD-Hr8cJDqaSpCqopSUzQbC0Jy0tGqJG1He6tcYnq31jM1W71U2bPu77h3__dG9XqXUsDyoaEqnU3QbUHw8J3VlMK8Blvt7Ni47t5pZCrcnuUARo-uLu_6D21dVEoa3kLzRGpHDbD_ToIJAgayuUHo0nE2U6hkS0Wd5xyAGQ0NhlmZ6D_xq1VWIiwSbNaDibeRmVI8Sh3cUznn0lvD17l0YWSZ9QU-m-hLLYxJD9asmtlof9S0u4C5EbKZBq_OBoN5VtjfCxrgVLtidS1Uno-apWwpi0_d_ZZwQ7AwOWzl0JwjqSDCLOa7EKfKrl-lyPr8aPCxBo28JVp_Lw5PTBDafswA4dWwCF7s40nzBFdyPyJVMwynnPq3GKdOKivAADxn8nhCvr8l5mI6OYRQGt1RHvVbkzp2-K4J4HnRxg_4PomJiXOdJlan6xE85BzZR_8B-lxjPcA-RKkc0rOVm5g2JgdwEuBhwbiEjMYlvwZ2JciSRliqODLMWfFibE4ue8X33UAFkkWaRMhMTSNEiLVZmHqMpqIfBM34pQmwvMzHzpvZg14WrmEPn_zTvBq2Im1B3HE0e3VHndgsOK4CIFRZDUX86at463oA090gG1u8Ygjg5M372Wm_WLZDr2u0DWUribM4MgqrKS4StFJcYQhA0DbyOeJJ62sVW4cg_0pfkX97pH5uTBvGXloDcCQSHMcHRvc1pFagXntlR0rS_DtSiAGG4Kmth9a5KOyvEgom7wqCJTX1xTQD9UJrQxPwsI1E0MKye6KBFWh7GzDGW6Gp8206acCWgGYMuClaLw7F_ePlcvII1RZExqZ3ejpqrA0ghTG5zqFBzQBglSAmjt0QWP4LPBC_eBziWf0jRl-gRYepp5aaMNXiAGZxD43hURB7tCjHoJafsftZeTKJ6Pw5ih_j9HTbRjzWlWUgrT5W85wpgQQL9AQgPFMYvhImRIa9ybBh9hSBj405JQ5HRitq81wPcJ51cq50QyXjSRzr2TQZH32Yg59iTEguKlOD8rOkd0fInJjHP9S2Oj3WCnroyboCj15Lly3zs&pos=11&reqid=2jQtGGAfqtoviULR&type=CLICK
",https://salt.tikicdn.com/cache/200x280/ts/product/17/fb/d3/5bfadcaa0978ad45d7a9994a22b560ec.png,None

Máy tính bảng Kindle File HD 8 (10th generation - 2020) Hàng nhập khẩu,1.950.000 ₫,2.390.000 ₫,"https://tka.tiki.vn/pixel/pixel?data=oNKZnUHADT6YIiaYajJlZiDA3anvMe_4jhdjzCUmSzpkzDQmWdRrj3nMW5ksbj-60CuKFFgevtHuoXmNU15KCuiAahPgPSByUFo2hxU39Pzk1vnmX7YmkY4rtYee1JO4XW_M3BzDZLgkFAZqJ32kqNKlRhYcqxFX249dFBMUqRw8A_P6mY8DWaFPiwQkvqmSE-h0cAj2fmNAXxtdah1BgXWoghefFtMN4PzHU2cfHRx22mou7p3s5eU8bHjXX74pJ1uDA5QxugasUjxUYalAfrMmYkod76WvHMnmPy0nAQGCxVCUF7RDP-xhiT7n1gY71gpagE2EzHgHa7GmMP2ouFyWDu9RXvJ_HigOLcMlNvPxKNAp8yJk3u4pydimCXRoiqnhWuXhBw20zTHpyTzN3d7IO7mBMDD9-3lR_4xUCnern8yGf1D32R6Xubnq0-3HnTar_HcaWloGg5lRUyYLDOE_lq6AOJgg7luvA5JnFbZzK38olhQiKfVPUPIxFkoKYZT6wEWtmzwLzcMyiQ6nm_-Rsx5r-cvVVAjv1_oaiyRZIyArq2yTNPqWD24-E0klc58-2lKlvyEyx2XOgfKLVcidF5RQPgm9jZxkUKyFgKIbMf672udF1bi8aGufjR7OVDLjfpfuTY4LwtnuEanfmP5grVOt_7Cfm9Cpio_56f32S55cUY-HwuCKCR742uwh0NWNybMl9uztWbki9fqztVnm2SXgS-bKyt9KB9jPF4TkQbPexd1ONilUnRVHyh3iHQ1u8w8X6sGrequ_Bz3JWujTgMFfnO6TWQXcL25k1XwHAMQMyB-ivLFEFIT3T2kSSy59WNcu_n367vZVBzVq2-7OQGNnOZr4J-4rCERYiwHR8V4f0oPAd6dyzZCFNmN-Odr8TXBa6PVg2liqSk3xl7u_pCk0dTy_Xo5uUjYXZX_Ikep9TF0de3zgd3NW_I7TH2cYP5i2oQZ2x2ML2jPvgnPO7Tv8UGSsAfh3EE7A5narNqbGXS04oNwfP7fOHvl8bJEqtp7QhOkcy1CQfpo-sokhanTa-03dnzY6Os_YF_7SDtkS7oxeQmSH5ktl4BMgSDBvBBB1AWMGPF-JVNjFRwvJnhC6-Sy7UgGyuwhvZMaalzzVMF5TO-4KsLQ6QDDL9cLol11PEJoDeveYEACN92K9b9DE62JWJuUgHy9lBT3sQfnocm_Q4wh3gnpE3Dok-0dl9AluGPxbUXfK7qHaJXW2XQN4ANvRVQDhVqjEwoNj57Q-mF2NkpLUKqJkGKhxSMuYO0QLkxSXxmySco4EjN6p01IMy8fS4-H0cMteiQBaGbl1DIoAVlQImpPuMQHdTcxvzKkBMzhlyS5AQ9DRgvEm5OmBvF3JangdOBwpfA--LD5FAkvPV1g41w5CMd7FGBkkEzwFf40cOsgVUfu9stjrz4Z8FdKJO61pOEMBUnNiRZ0ymlZ2bzE-SpuO79v_Am3P3mbJ224KfZLZyqa0vRyQaR_xiU7vUhraW6H_D7wpBbkO_IwEqLv7P8ogZXoW_CCvNtO-3iUfgEFTAEzvQ-k1VKohvZmljBR7pzgeu8Qv8LDQhOAAIPHPNkKqRLo770zmmpjbTGGBBvILbsWDS5UZjYXC7tta6bQbyJVnTdkkeGdZAVwkYMc7ag&pos=12&reqid=2jQtGGAfqtoviULR&type=CLICK
",https://salt.tikicdn.com/cache/200x280/ts/product/ae/a0/5a/4c2fce9c5bac5e8e8ff55dd748464ef0.jpg,None

Máy tính bảng VANKYO MatrixPad S30 - Hàng Chính Hãng,3.090.000 ₫,None,"https://tka.tiki.vn/pixel/pixel?data=x3XbuG5JPRWtxQLmDivPXIKwtwbqi0WkFxa0Bc4cjg-6-wOBER6x6zRf5FzcaF_AxfsS5OXVOe03Ct38f5ypSZCpEpaDFYbeLJ6XNT0ySFl6b-RmKP_27cIRB8I2P52gJmy0HwsguKzkaSbO6JzOPHc5f0eSyYL7VNsITGtKpSpsifpl3j6pVwelCxREJmo0TC3cbmw4W11YWRN5wMnCKtAC7-4vKj74zdIaHONsZLRpNGA7aof72HoXcZTyOJeq4uJpr0NIFkTFEiYvAkjOiiRmLLrd_3XYJ4HZWPkOrEeHUnN7V6MwojdlXiECp6B90KG7vqIr72XybuzuzoIqvZ9tXGXsIMQclczUdH0KKULIpAGaG_tS4GRVsgJM-MdFoy0MQOlqA9NJd158_AiXEszSuQTVeOq6Yfb5QZLkVrPWOT2BlWld66h-SGdaT8bYiXw_IVwT3o-sw29WMGHK_dA7r0p6fmshom7oGkvBSc76HpfeJo9uZ6MQckBxAwkULM8jbcYwvtZqUVy9NxDUbrKEsVudnMzlCnBBQ5JbfxDHmdfznzGCTbC-b27xHXSzxUzfLwJ8u9YzmC5d66svoDJ9dKBvOJBOAiPLv0nRybzhvtZrOHrqM9AeYFu70Aeov0UczprL2Khpuqkzr3ipg6BobP9Tqex9qaFiPQuQNvIVJpSPx1HI3KU-eFVrv6o0J3XJTZnnoAPRzU4K1kPGc9n4qN5oLiT6viItysvVluqfPQweMg1rYoBt2gtxzb00nc32fGVZ79FhdcdhvG0zuKJGG-V4_9EzwaydEQZhboCYSZSNqbf8-rQcPzaq15Mtywa9gdbRZfOKoaelwUJ69gwlJU6exD9aDPbjzZeYhTGgPyrrWIRZgiRIcwm4RpbooAW-bRfns4JnLXKvtJqZGu6bbQja-Y5WH8YoJdoxi-9BK4hpu9V8GeI5oJh625mxNApXguDykVfHs8FhfO67-ejLxmkdfC0kK06E3VM47AVpkvrBTd-5pQMoIY8SVm09xw0wtQ3fJMdDw7JneWWFzlq3BDIzfyvsDMRI7kehPGbcJPXkQ_EFqvP8c4WwMvw3J3yuMKVYzjaGV4kywJkHb7BVVHcuWDqotjJ1zEALD2SA59jdsN7zrcPEiuvm65xuPv6wBHyJc4E9OVkSIrTkWwZF2OfehE92ZHPAtWtfBxFj9jikVO05lg1w3ZtisrcbrfSIkttx3kRfHHTIRjmg9d2Gr_DVlqYgFKvzqAZE5vTzxtK3dUCCC5YGE1rwa26bqpgZrVPhzhGBjAziRAYac9qZ7SjGriUzc-bRmXiSnkodhgatEJ3QtY_AxZM9IwKwXsrd_JGa00TcCu3u3o-o1n2muRtLIIiUzO9-2wJkwPALiAz6CY2kmVvWG1S9Zc-XxxekIg9QRgmtKSG55DVY5g1zT7TCljhobat6E--fHVJw1jueXLsLFR3punit3rRo2ioC6QbaPANpZeMnApdxgDCe_N6Uw9dXWTfubTCFIw35xze44pkr9j83GwoRHZcjFcOH-K0wQASRZvSh6JwQ0IvJAjBIW7bRjP7VilOijCBYY5MuiiV12kWkUA&pos=13&reqid=2jQtGGAfqtoviULR&type=CLICK
",https://salt.tikicdn.com/cache/200x280/ts/product/5a/f2/36/90f4fae6dc87e39d2534831bc24aa1be.jpg,None

Máy tính bảng Vankyo MatrixPad Z10 - Hàng Chính Hãng,2.990.000 ₫,None,"https://tka.tiki.vn/pixel/pixel?data=hUUwvnIz-wvY9P2hL4lUZmCe3qxKZN5PnoAWOA976fPi6j5z8BxIkex7pfKblZB1wGVj1YTHPg8a6HkzuHxbpNyc7VBurpiYbF4C7lirV2b1gKfg63fyBoXNrvkhfSAyUQVh5RNyVRRE4gpr0v5gSLQ4aPyMXN9E3_Cgfhv2IklyIL7HMRD86f9oDWZ-AOSZz7vXiWUQv6jfU_BvrURuCvSRV4s_Kve4_-E3kFq14u4qAGcf1go3PzzWXw775eESjJmh_bSmY9UHPgwoo3V7iuDN2FISCkwsjkqmw555YcDogUakwKayGaqoNnokcx6N5dyuA5dYr3EQ5boq4cVItMX3BG0kQtmPWOfSPWNQUb3ApFImwVedcxAq-PJ3RHSlYCyEDJp9pIUOeqQHjL5HRV4SbdRbkZPyZWvAs3kT91ZrofAbtI25WETtLM2t6SNcEhnAPKMBbfvCJG0ikQLU38XW7A_wl9YhhagnkQc-Rp_QSuor93Tq1Cece0r2gRIzD5ovIgcD42mIAxSG_7tCI8QgakiTdDL0qjD_trhQFmivlMshBSgC1fL2rG8vJgaJMPgBN6XdfFB7Ekmcm2fW4QU93BXQS5LzGrlK6iDrfeGMwPZ4PJflKgeySilpBKysO73q6_zauI4r_Iyis5EouecvF2VoAJPOJ0r0JDzfEfPIAz9XyWYCJhQJY3n0XbiOdp_5IU64kELcqCV5PDR0zJ3mX3jaSXt50aozjedLtmyCBVJdKsJeWFYylAyNsz6swfX3cHlOVF2-X4cJz66d7ujjzIyesnIy6NZA_cXsMtnAkNdQdjpuCKQFiwgyviUP78t3uedyo_W25jtRNtooI1v9rLZpcI4WINadjSvvzDC2xisBYMZB_6Splb4yvOwXmkB6J_jABLZt_8ivb8Cmy_hUN6UqNCJxkDJumsWdYiuIejLCwDM_EuAMiEX4gTqgnI_c_sk7pq7qxHvkvYsQmZU3HCUOqliog_u4k-baVI4ecdHSBS-gUKjvA0pA3ZpUkT20V3ojKcshn4qL4kHcVw-rsT2gTEfeFiwa_wQc0eWU2RNeJYAf_RqSKUQ6WFu52DPnYMh9bv2sgFc_Nb-a6KKFwxO0tpS0MglWuw1Ov3XVNAzeagX9vrJZT9aVYWokeyBcx29ADcBk8UGGhpQC-IMTTakXLe5jQ2Pjk_pxT5ejTC29ckeUWYzCgJAXBM6i87c1_xjwckWG3JNQdo46uVGr5xiOFbC3dRy92AlNLpO6Qx4R9twgTkG43H1f3nDbAxlJD7j3_Azpxd9ds5GB1wm17Yu2VqipTJek23PL2C4eM1vEiLsFyhtnSwkPLFjbF_fTf5pI-Tn5ES_VncWVLODHxJmoy86WIEIlt3fRDneK8ryxI-pWmqOHfcHzQDh6tBOTOyyAbn0HduU1uSWLbSjUTgoDApqoMOBNFT3XuZVztIdg2eGXa6qvDBaPQQQMxsjygScYkF266xiqUN0EnjHdWoOhR6hSSg5Z4ItPUet5rw98w7X92MZZ8e8EcUVIoT91MYB5OAzeO-3kztzbSMT8xR45Q8CIkNkBT-eZI9o4q6ymxacs551DiQ&pos=14&reqid=2jQtGGAfqtoviULR&type=CLICK
",https://salt.tikicdn.com/cache/200x280/ts/product/55/83/e6/2ce6f69ef8546d708ea2e0e12b0d01c0.jpg,None

Máy Tính Bảng Samsung Galaxy Tab A7 Lite T225 3GB/32GB - Hàng Chính Hãng,3.169.000 ₫,4.990.000 ₫,"https://tiki.vn/may-tinh-bang-samsung-galaxy-tab-a7-lite-t225-3gb-32gb-hang-chinh-hang-p121059239.html?itm_campaign=tiki-reco_UNK_DT_UNK_UNK_tiki-listing_UNK_p-category-mpid-listing-v1_202304040600_MD_batched_PID.121059241&itm_medium=CPC&itm_source=tiki-reco&spid=121059241
",https://salt.tikicdn.com/cache/200x280/ts/product/7c/19/ce/d5bdcbcdcf5a3c76367fd01adc584bab.jpg,None

"Apple iPad 10.9-inch (10th Gen) Wi-Fi, 2022",11.290.000 ₫,12.990.000 ₫,"https://tiki.vn/apple-ipad-10-9-inch-10th-gen-wi-fi-2022-p205815576.html?itm_campaign=tiki-reco_UNK_DT_UNK_UNK_tiki-listing_UNK_p-category-mpid-listing-v1_202304040600_MD_batched_PID.205815582&itm_medium=CPC&itm_source=tiki-reco&spid=205815582
",https://salt.tikicdn.com/cache/200x280/ts/product/74/25/b3/aadefc38e26724df7c667a3e2d945f24.png,None

Máy tính bảng Oppo Pad Air (4GB/64GB) - Hàng Chính Hãng,5.990.000 ₫,6.999.000 ₫,"https://tiki.vn/may-tinh-bang-oppo-pad-air-hang-chinh-hang-p195317118.html?itm_campaign=tiki-reco_UNK_DT_UNK_UNK_tiki-listing_UNK_p-category-mpid-listing-v1_202304040600_MD_batched_PID.195317119&itm_medium=CPC&itm_source=tiki-reco&spid=195317119
",https://salt.tikicdn.com/cache/200x280/ts/product/b9/bf/57/6d3e00ad19c5ed6b0e966d1000ddb8db.jpg,None

Máy tính bảng Samsung Galaxy Tab A8 (2022) - Hàng chính hãng - ĐÃ KÍCH HOẠT BẢO HÀNH ĐIỆN TỬ,5.329.000 ₫,8.490.000 ₫,"https://tiki.vn/may-tinh-bang-samsung-galaxy-tab-a8-2022-hang-chinh-hang-da-kich-hoat-bao-hanh-dien-tu-p164697930.html?itm_campaign=tiki-reco_UNK_DT_UNK_UNK_tiki-listing_UNK_p-category-mpid-listing-v1_202304040600_MD_batched_PID.201010431&itm_medium=CPC&itm_source=tiki-reco&spid=201010431
",https://salt.tikicdn.com/cache/200x280/ts/product/d2/a8/26/e96b02fe8204a7a7946c00a16991a52b.jpg,None

"Máy tính bảng Fire HD10 2021 - 11th - (All New Fire HD10 - 2021) - Ram 3/4GB, bộ nhớ 32GB, màn hình 1080 FullHD",3.230.000 ₫,3.990.000 ₫,"https://tiki.vn/may-tinh-bang-fire-hd10-2021-11th-all-new-fire-hd10-2021-ram-3gb-bo-nho-32gb-man-hinh-1080-fullhd-p150724369.html?itm_campaign=tiki-reco_UNK_DT_UNK_UNK_tiki-listing_UNK_p-category-mpid-listing-v1_202304040600_MD_batched_PID.152760408&itm_medium=CPC&itm_source=tiki-reco&spid=152760408
",https://salt.tikicdn.com/cache/200x280/ts/product/cd/b8/5e/37eae03404f091259512283f2b5e37fd.jpg,None

Máy tính bảng Samsung Galaxy Tab S7 FE (4GB/64GB) - Hàng chính hãng - Đã kích hoạt bảo hành điện tử,9.599.000 ₫,13.990.000 ₫,"https://tiki.vn/may-tinh-bang-samsung-galaxy-tab-s7-fe-4gb-64gb-hang-chinh-hang-da-kich-hoat-bao-hanh-dien-tu-p126075551.html?itm_campaign=tiki-reco_UNK_DT_UNK_UNK_tiki-listing_UNK_p-category-mpid-listing-v1_202304040600_MD_batched_PID.203110068&itm_medium=CPC&itm_source=tiki-reco&spid=203110068
",https://salt.tikicdn.com/cache/200x280/ts/product/be/aa/54/917e910e2499af9469e4cabde0bafda3.jpg,None

Máy tính bảng Fire HD 8 Plus - 2021 Bộ nhớ 32Gb - Ram 3Gb - Hàng Nhập Khẩu,1.990.000 ₫,2.390.000 ₫,"https://tiki.vn/may-tinh-bang-fire-hd-8-plus-2021-bo-nho-32gb-ram-3gb-p140741819.html?itm_campaign=tiki-reco_UNK_DT_UNK_UNK_tiki-listing_UNK_p-category-mpid-listing-v1_202304040600_MD_batched_PID.217503532&itm_medium=CPC&itm_source=tiki-reco&spid=217503532
",https://salt.tikicdn.com/cache/200x280/ts/product/ac/09/01/651619f543f885c1d74a48e090bdb207.png,None

"Máy tính bảng Fire HD 8 - 2021 Bộ nhớ 32Gb, Ram 2Gb",1.985.500 ₫,2.090.000 ₫,"https://tiki.vn/may-tinh-bang-kindle-fire-hd-8-2021-bo-nho-32gb-ram-2gb-p134677182.html?itm_campaign=tiki-reco_UNK_DT_UNK_UNK_tiki-listing_UNK_p-category-mpid-listing-v1_202304040600_MD_batched_PID.134677188&itm_medium=CPC&itm_source=tiki-reco&spid=134677188
",https://salt.tikicdn.com/cache/200x280/ts/product/21/11/e6/b775e18a106b348650cd5a1e11ab6fed.jpg,None

Máy tính bảng Samsung Galaxy Tab A7 Lite LTE SM-T225 - Hàng Chính Hãng,3.279.000 ₫,4.490.000 ₫,"https://tiki.vn/may-tinh-bang-samsung-galaxy-tab-a7-lite-lte-sm-t225-hang-chinh-hang-p103168071.html?itm_campaign=tiki-reco_UNK_DT_UNK_UNK_tiki-listing_UNK_p-category-mpid-listing-v1_202304040600_MD_batched_PID.109020288&itm_medium=CPC&itm_source=tiki-reco&spid=109020288
",https://salt.tikicdn.com/cache/200x280/ts/product/58/d3/65/66d840fb0930de544ebac70b0b61872e.jpg,None

Máy tính bảng Fire HD 10 Plus 2021 thế hệ 11th,3.928.500 ₫,4.050.000 ₫,"https://tiki.vn/may-tinh-bang-kindle-fire-hd-10-plus-2021-the-he-11th-p131028406.html?itm_campaign=tiki-reco_UNK_DT_UNK_UNK_tiki-listing_UNK_p-category-mpid-listing-v1_202304040600_MD_batched_PID.131028407&itm_medium=CPC&itm_source=tiki-reco&spid=131028407
",https://salt.tikicdn.com/cache/200x280/ts/product/38/34/c3/09a3f314f56dde6a8ff2966858c2d994.png,None

Combo Máy Đọc Sách Kindle Paperwhite Gen 10 (8GB - Màu Đen) và Bao da WELL BEGUN - Hàng nhập khẩu,2.850.000 ₫,3.030.000 ₫,"https://tiki.vn/combo-may-doc-sach-kindle-paperwhite-gen-10-8gb-mau-den-va-bao-da-well-begun-hang-nhap-khau-p11217956.html?itm_campaign=tiki-reco_UNK_DT_UNK_UNK_tiki-listing_UNK_p-category-mpid-listing-v1_202304040600_MD_batched_PID.20873233&itm_medium=CPC&itm_source=tiki-reco&spid=20873233
",https://salt.tikicdn.com/cache/200x280/ts/product/22/a2/87/5ccb9e3528367ba4c6112d5b9399ac40.jpg,None

Máy tính bảng Microsoft Surface Pro X (13/ SQ1TM/ 8GB/ 256GB SSD/ WiFi + 4G LTE/ Black) -Kèm bàn phím và bút- Model QWZ-00001- Hàng Nhập Khẩu mới 100%,24.799.000 ₫,None,"https://tiki.vn/may-tinh-bang-microsoft-surface-pro-x-13-sq1tm-8gb-256gb-ssd-wifi-4g-lte-black-kem-ban-phim-va-but-model-qwz-00001-hang-nhap-khau-moi-100-p180745945.html?itm_campaign=tiki-reco_UNK_DT_UNK_UNK_tiki-listing_UNK_p-category-mpid-listing-v1_202304040600_MD_batched_PID.180745946&itm_medium=CPC&itm_source=tiki-reco&spid=180745946
",https://salt.tikicdn.com/cache/200x280/ts/product/6c/85/18/280943ff329fda4a57d3d42fc47b58e5.jpg,None

Máy Tính Bảng Alldocube iPlay 20s 10.1 inches OctaCore 1.6Ghz Sim 4G Ram 4Gb Rom 64Gb - Hàng chính hãng,3.490.000 ₫,None,"https://tiki.vn/may-tinh-bang-alldocube-iplay-20s-10-1-inches-octacore-1-6ghz-sim-4g-ram-4gb-rom-64gb-hang-chinh-hang-p155267463.html?itm_campaign=tiki-reco_UNK_DT_UNK_UNK_tiki-listing_UNK_p-category-mpid-listing-v1_202304040600_MD_batched_PID.155267464&itm_medium=CPC&itm_source=tiki-reco&spid=155267464
",https://salt.tikicdn.com/cache/200x280/ts/product/b0/e0/5c/10f3c9418a0dc3c4aca82deacc1172db.jpg,None

"Apple iPad mini (6th Gen) Wi-Fi, 2021",12.490.000 ₫,14.990.000 ₫,"https://tiki.vn/apple-ipad-mini-6th-gen-wi-fi-2021-hang-chinh-hang-p184248127.html?itm_campaign=tiki-reco_UNK_DT_UNK_UNK_tiki-listing_UNK_p-category-mpid-listing-v1_202304040600_MD_batched_PID.124944094&itm_medium=CPC&itm_source=tiki-reco&spid=124944094
",https://salt.tikicdn.com/cache/200x280/ts/product/72/78/93/f713c9c1ce0ef8cf603fc30df5090f8f.jpg,None

Máy tính bảng Samsung Galaxy Tab S8 Plus (8GB/128GB) - ĐÃ KÍCH HOẠT BẢO HÀNH ĐIỆN TỬ - Hàng Chính Hãng,16.290.000 ₫,25.990.000 ₫,"https://tiki.vn/may-tinh-bang-samsung-galaxy-tab-s8-plus-8gb-128gb-da-kich-hoat-bao-hanh-dien-tu-hang-chinh-hang-p178607570.html?itm_campaign=tiki-reco_UNK_DT_UNK_UNK_tiki-listing_UNK_p-category-mpid-listing-v1_202304040600_MD_batched_PID.178607574&itm_medium=CPC&itm_source=tiki-reco&spid=178607574
",https://salt.tikicdn.com/cache/200x280/ts/product/3c/95/82/cdf46dc0e370b2591e53cbe24670518f.jpg,None

Máy tính bảng Samsung Galaxy Tab A8 (4GB/64GB) - Hàng Chính Hãng,5.500.000 ₫,8.000.000 ₫,"https://tiki.vn/may-tinh-bang-samsung-galaxy-tab-a8-4gb-64gb-hang-chinh-hang-p158742790.html?itm_campaign=tiki-reco_UNK_DT_UNK_UNK_tiki-listing_UNK_p-category-mpid-listing-v1_202304040600_MD_batched_PID.196285799&itm_medium=CPC&itm_source=tiki-reco&spid=196285799
",https://salt.tikicdn.com/cache/200x280/ts/product/2d/4f/75/fc9ea72b1fadf344e3db1e5cc681b6d3.jpg,None

"Apple iPad Air (5th Gen) Wi-Fi + Cellular, 2022",17.990.000 ₫,20.990.000 ₫,"https://tiki.vn/apple-ipad-air-5th-gen-wi-fi-cellular-2022-p184282851.html?itm_campaign=tiki-reco_UNK_DT_UNK_UNK_tiki-listing_UNK_p-category-mpid-listing-v1_202304040600_MD_batched_PID.168739481&itm_medium=CPC&itm_source=tiki-reco&spid=168739481
",https://salt.tikicdn.com/cache/200x280/ts/product/2e/33/55/1a977f7feae06b25dcc20a3774840154.jpg,None

Máy tính bảng Xiaomi Redmi Pad | MediaTek Helio G99 | Pin 8000 mAh Sạc nhanh 18W | Màn hình LCD 90Hz - Hàng chính hãng,6.290.000 ₫,None,"https://tiki.vn/may-tinh-bang-xiaomi-redmi-pad-mediatek-helio-g99-pin-8000-mah-sac-nhanh-18w-man-hinh-lcd-90hz-hang-chinh-hang-p198447877.html?itm_campaign=tiki-reco_UNK_DT_UNK_UNK_tiki-listing_UNK_p-category-mpid-listing-v1_202304040600_MD_batched_PID.198447879&itm_medium=CPC&itm_source=tiki-reco&spid=198447879
",https://salt.tikicdn.com/cache/200x280/ts/product/98/30/76/0897aaae45686033fb1e61c444a3fe7b.png,None

Apple iPad 10.9-inch (10th Gen) Wi-Fi + Cellular 2022,14.650.000 ₫,16.990.000 ₫,"https://tiki.vn/apple-ipad-10-9-inch-10th-gen-wi-fi-cellular-2022-p205815614.html?itm_campaign=tiki-reco_UNK_DT_UNK_UNK_tiki-listing_UNK_p-category-mpid-listing-v1_202304040600_MD_batched_PID.205815618&itm_medium=CPC&itm_source=tiki-reco&spid=205815618
",https://salt.tikicdn.com/cache/200x280/ts/product/53/e3/57/22114f83729cef8fe537400a73f8c4eb.png,None

Máy tính bảng Kindle File HD 8 (10th generation - 2020) Hàng nhập khẩu,1.950.000 ₫,2.390.000 ₫,"https://tiki.vn/may-tinh-bang-kindle-file-hd-8-10th-generation-2020-hang-nhap-khau-p173557858.html?itm_campaign=tiki-reco_UNK_DT_UNK_UNK_tiki-listing_UNK_p-category-mpid-listing-v1_202304040600_MD_batched_PID.221245934&itm_medium=CPC&itm_source=tiki-reco&spid=221245934
",https://salt.tikicdn.com/cache/200x280/ts/product/a8/21/a1/5e77a57ea87b6586ddd798af74c093b1.jpg,None

Máy tính bảng Huawei MatePad SE | Màn hình 2K HUAWEI FullView Bảo vệ mắt | Âm thanh vòm tinh chỉnh bằng công nghệ Histen 8.0 | Siêu thiết bị | Hàng Chính Hãng,5.475.000 ₫,6.290.000 ₫,"https://tiki.vn/may-tinh-bang-huawei-matepad-se-man-hinh-2k-huawei-fullview-bao-ve-mat-am-thanh-vom-tinh-chinh-bang-cong-nghe-histen-8-0-sieu-thiet-bi-hang-chinh-hang-p206851522.html?itm_campaign=tiki-reco_UNK_DT_UNK_UNK_tiki-listing_UNK_p-category-mpid-listing-v1_202304040600_MD_batched_PID.206335518&itm_medium=CPC&itm_source=tiki-reco&spid=206335518
",https://salt.tikicdn.com/cache/200x280/ts/product/16/ef/7f/42d16ba36507060aef061eb3417556c8.png,None

Máy tính bảng Lenovo Tab M10 TB-X606X ZA5V0362VN (P22T 2.3Ghz/64GB/10.3-inch FHD Plus/Wifi/4G) - Hàng chính hãng,5.690.000 ₫,6.490.000 ₫,"https://tiki.vn/may-tinh-bang-lenovo-tab-m10-tb-x606x-p22t-2-3ghz-64gb-10-3-inch-fhd-plus-wifi-4g-p190582098.html?itm_campaign=tiki-reco_UNK_DT_UNK_UNK_tiki-listing_UNK_p-category-mpid-listing-v1_202304040600_MD_batched_PID.190582100&itm_medium=CPC&itm_source=tiki-reco&spid=190582100
",https://salt.tikicdn.com/cache/200x280/ts/product/9d/13/26/e5e4a42b79ff7342065276e877886b2d.png,None

Máy Tính Bảng Xiaomi Redmi Pad 3GB/64GB - Hàng Chính Hãng,5.619.000 ₫,6.290.000 ₫,"https://tiki.vn/may-tinh-bang-xiaomi-redmi-pad-3gb-64gb-hang-chinh-hang-p205173517.html?itm_campaign=tiki-reco_UNK_DT_UNK_UNK_tiki-listing_UNK_p-category-mpid-listing-v1_202304040600_MD_batched_PID.205173521&itm_medium=CPC&itm_source=tiki-reco&spid=205173521
",https://salt.tikicdn.com/cache/200x280/ts/product/6a/03/cd/544002b8cac16e644986c2b4d75e3879.jpg,None

Máy Tính Bảng Samsung Galaxy Tab A7 Lite LTE T225 (3GB/32GB) ĐÃ KÍCH HOẠT BẢO HÀNH ĐIỆN TỬ - Hàng Chính Hãng,2.992.000 ₫,4.290.000 ₫,"https://tiki.vn/may-tinh-bang-samsung-galaxy-tab-a7-lite-lte-t225-3gb-32gb-da-kich-hoat-bao-hanh-dien-tu-hang-chinh-hang-p105830021.html?itm_campaign=tiki-reco_UNK_DT_UNK_UNK_tiki-listing_UNK_p-category-mpid-listing-v1_202304040600_MD_batched_PID.138831457&itm_medium=CPC&itm_source=tiki-reco&spid=138831457
",https://salt.tikicdn.com/cache/200x280/ts/product/a6/13/13/c89124695a3368e0a58eeb26cfe004da.jpg,None

Máy tính bảng Samsung Galaxy Tab A8 - Hàng chính hãng,5.729.000 ₫,8.490.000 ₫,"https://tiki.vn/may-tinh-bang-samsung-galaxy-tab-a8-hang-chinh-hang-p160556149.html?itm_campaign=tiki-reco_UNK_DT_UNK_UNK_tiki-listing_UNK_p-category-mpid-listing-v1_202304040600_MD_batched_PID.160556151&itm_medium=CPC&itm_source=tiki-reco&spid=160556151
",https://salt.tikicdn.com/cache/200x280/ts/product/61/eb/8c/35c5a9c3936950a0113bc2da15d47452.jpg,None

Máy Tính Bảng Samsung Galaxy Tab S7 FE LTE T735 (4GB/64GB) - Hàng Chính Hãng,13.500.000 ₫,None,"https://tiki.vn/may-tinh-bang-samsung-galaxy-tab-s7-fe-lte-t735-4gb-64gb-hang-chinh-hang-p113920312.html?itm_campaign=tiki-reco_UNK_DT_UNK_UNK_tiki-listing_UNK_p-category-mpid-listing-v1_202304040600_MD_batched_PID.196284590&itm_medium=CPC&itm_source=tiki-reco&spid=196284590
",https://salt.tikicdn.com/cache/200x280/ts/product/20/36/53/a8d85b18b5f9f7edec34c3d64e1f2407.jpg,None

Máy tính bảng Vankyo MatrixPad Z10 - Hàng Chính Hãng,2.990.000 ₫,None,"https://tka.tiki.vn/pixel/pixel?data=2TIqiP22h6GKB1UUgdlaCjLP6eoR5123e3_DxLXbwZ3kZIhKogFnA53dQAyPI3ktraoVkNMDAOzuNhN6FrBh9O12MU32kaatANjsby4-4TuTnkCsTON8oXzgUswmcvu3-5rXj0kil9CvFdYim5_jWnJg1B-2oZXk_ugxEwaU_dsinIQLfhWKAgNvlmp0FD7M6Q7QCdKg-le7_rnO4VBURCb1NcGDffmMUoazCxmKR8Lvvx5uUyFvILXqRnDcabJ1uak3TmgPik4tZBy0A3NPY2x00kSC--Xi0OHCemhJw2FOlNvE7XY1xwLTiM0pdl-OqVfctA4UfTvgQFZ8nyLOF5wThdwJDZipJmYecUGUqUnMpUgn4iWWDt5udo5umv9xeioJYRRSXAyP2GOnOBk7R1suGb78ae1g5RdGKyaCn9j6VdLO8U6ttJkkMyosV04HNIhF3agHdhuIJRQcspVf89c71ab5RcfJ8UC-xQEmmCVCe11jKa8gxh7Ek6PnGJU5c6uwyzpgrxou9Y7i6OyrzONO4yGHAZZOoLR-sVpcEJx1an3rDSm8WI_LfpDw7jJOkMgHGFdwk9bOinoxXi8voGpL8WY6X1cGuaV0fGM1VqOdZkR4hN5AJY-LonReLXQa_4m4JqnuUwTgG-I6G-NYcALQZcjYQYSCFpKGSGtdYjkfmvE8O0lLqo5fJ6zOkaXdfW523C5W5zmY8Km0hmkM4HIMbdosuqXYipZpEy0x7MIGIRb966DmQi439IbUFAXxloO_DzM2ziJsyRgmER6lAieGPRAlNS4ABK8PSwZ9ZyMWnsoa9HAGVbE5fSHRDrXisgrrndn5wIIH-trDqNmtdmQ077xwh5FgPXnzXUoB8TRZny3QgQKK0h4oICjQoQ23vOgobnc3fuOtjTTBfWIg9-XDgTWbjAqACuXH_4JsHLAIfsEUHaxfNcgX52OJz28Wob-9XGNcQhSDFjie4C5Fpu0kd6tHLzQtss0Yzf0LskRPJujmoJ5b2JLBHVd3rs-Bl8ASjyBUmVY4uDTPbMwNfkz-w75jQr80jRYveN8Ddjsh-b6kxe_xXDAm3FBQkFyNoK5uTnYFmYDGYgBA9-LCDjvcdNOFapOmq2JOqLq6zDW7yDq1mcVRWCpi_RgW3LRDpH84TOQudW_VcDiQgxMNi6Az33JqTb-mwppCzvcvnhQLOUQktQeJiILm9H6PYTlU-ukLrJMMNUajns7Ek6f9julPbDuu78qDU9lFtxmDmHc8AZoxbgQBepq6ngvBf9SRvhgvqHUcYy1YcM_ESVrPyDw1RxWOzRUTXeP7W3UILRyOhiFdhh_Ekmc-18aJJjeT2B77xlgLrEJLkUoSSIbdNkjLQv2KwWGx5EV2IMlMG1PM3yLZ1Si9JHyJ8_6uIub-rcvYgxNV0i0OhvBFtYKzVffSzLof3nHp6xM4WmyKFTXVCxswpNRXvk8Q08g6b2v5T-qwwNHzMtgCEa4Cwydfx0A8nqh4DUQTzqoJHLzUGviTzNeftwWYORFEECgKZorq9xjaFiGVdQj7hc9wlq3yi42isM1kpfmpyhA&pos=1&reqid=vQxBaGLESgtYADur&type=CLICK
",https://salt.tikicdn.com/cache/200x280/ts/product/55/83/e6/2ce6f69ef8546d708ea2e0e12b0d01c0.jpg,4.6

Máy tính bảng HANET Smart Edu Tablet Model T432 - Hàng Chính Hãng,3.300.000 ₫,None,"https://tiki.vn/may-tinh-bang-hanet-smart-edu-tablet-model-t432-hang-chinh-hang-bao-hanh-12-thang-p176909016.html?itm_campaign=tiki-reco_UNK_DT_UNK_UNK_tiki-listing_UNK_p-category-mpid-listing-v1_202304040600_MD_batched_PID.176909017&itm_medium=CPC&itm_source=tiki-reco&spid=176909017
",https://salt.tikicdn.com/cache/200x280/ts/product/56/5f/8e/549f0bd6115b4efdf22a5808ddb5fd7d.jpg,None

Máy tính bảng Xiaomi Pad 5 (6GB/256GB) - Hàng chính hãng,9.759.000 ₫,10.490.000 ₫,"https://tiki.vn/may-tinh-bang-xiaomi-pad-5-6gb-256gb-hang-chinh-hang-p217561341.html?itm_campaign=tiki-reco_UNK_DT_UNK_UNK_tiki-listing_UNK_p-category-mpid-listing-v1_202304040600_MD_batched_PID.217561345&itm_medium=CPC&itm_source=tiki-reco&spid=217561345
",https://salt.tikicdn.com/cache/200x280/ts/product/97/d3/69/ccdde62e2e9715dfca520f677d84d30e.jpg,None

Máy Tính Bảng Samsung Galaxy Tab A8 4GB/64GB - Hàng Chính Hãng,5.979.000 ₫,8.490.000 ₫,"https://tiki.vn/may-tinh-bang-samsung-galaxy-tab-a8-4gb-64gb-hang-chinh-hang-p160434731.html?itm_campaign=tiki-reco_UNK_DT_UNK_UNK_tiki-listing_UNK_p-category-mpid-listing-v1_202304040600_MD_batched_PID.160434735&itm_medium=CPC&itm_source=tiki-reco&spid=160434735
",https://salt.tikicdn.com/cache/200x280/ts/product/66/64/40/a4a596446790bbe632920abab6ae7cfc.jpg,None

Máy tính bảng Samsung Galaxy Tab A8 (4GB/64GB) - Hàng Chính Hãng,5.290.000 ₫,6.990.000 ₫,"https://tiki.vn/may-tinh-bang-samsung-galaxy-tab-a8-4gb-64gb-hang-chinh-hang-p225936344.html?itm_campaign=tiki-reco_UNK_DT_UNK_UNK_tiki-listing_UNK_p-category-mpid-listing-v1_202304040600_MD_batched_PID.225936346&itm_medium=CPC&itm_source=tiki-reco&spid=225936346
",https://salt.tikicdn.com/cache/200x280/ts/product/a8/56/45/d4f6a482c617a406a25d21c1198d717e.jpg,None

Máy Tính Bảng Samsung Galaxy Tab A7 3GB/64GB - Hàng Chính Hãng,7.279.000 ₫,7.990.000 ₫,"https://tiki.vn/may-tinh-bang-samsung-galaxy-tab-a7-3gb-64gb-hang-chinh-hang-p136876846.html?itm_campaign=tiki-reco_UNK_DT_UNK_UNK_tiki-listing_UNK_p-category-mpid-listing-v1_202304040600_MD_batched_PID.136876850&itm_medium=CPC&itm_source=tiki-reco&spid=136876850
",https://salt.tikicdn.com/cache/200x280/ts/product/1c/c6/eb/a7580f66b7f5cf5a36252fad1c8ed900.jpg,None

Máy tính bảng Samsung Galaxy Tab S8 8GB/128GB - Hàng chính hãng,20.500.000 ₫,None,"https://tiki.vn/may-tinh-bang-samsung-galaxy-tab-s8-8gb-128gb-hang-chinh-hang-p194519454.html?itm_campaign=tiki-reco_UNK_DT_UNK_UNK_tiki-listing_UNK_p-category-mpid-listing-v1_202304040600_MD_batched_PID.208289387&itm_medium=CPC&itm_source=tiki-reco&spid=208289387
",https://salt.tikicdn.com/cache/200x280/ts/product/ac/21/5a/fe7d042dbbea9ddb8fd4b7aaee85cedf.png,None

Máy Tính Bảng Samsung Galaxy Tab S8 Ultra 5G (8GB/128GB) - ĐÃ KÍCH HOẠT ĐIỆN TỬ - Hàng Chính Hãng,30.990.000 ₫,None,"https://tiki.vn/may-tinh-bang-samsung-galaxy-tab-s8-ultra-5g-8gb-128gb-da-kich-hoat-dien-tu-hang-chinh-hang-p169459856.html?itm_campaign=tiki-reco_UNK_DT_UNK_UNK_tiki-listing_UNK_p-category-mpid-listing-v1_202304040600_MD_batched_PID.169459858&itm_medium=CPC&itm_source=tiki-reco&spid=169459858
",https://salt.tikicdn.com/cache/200x280/ts/product/56/9c/e3/6292eba8e6f7d6f6ba1a3a055a988d5d.jpg,None

Máy tỉnh bảng Samsung Galaxy Tab A8 -Hàng chính hãng,5.500.000 ₫,8.000.000 ₫,"https://tiki.vn/may-tinh-bang-samsung-galaxy-tab-a8-chinh-hang-p181699208.html?itm_campaign=tiki-reco_UNK_DT_UNK_UNK_tiki-listing_UNK_p-category-mpid-listing-v1_202304040600_MD_batched_PID.205983869&itm_medium=CPC&itm_source=tiki-reco&spid=205983869
",https://salt.tikicdn.com/cache/200x280/ts/product/c7/dd/23/9734415aedbbbbd0ce3c22e87ac7d818.jpg,None

Máy tính bảng Samsung Galaxy Tab S8 Ultra 8GB/128GB - Hàng chính hãng,30.000.000 ₫,None,"https://tiki.vn/may-tinh-bang-samsung-galaxy-tab-s8-ultra-8gb-128gb-hang-chinh-hang-p194523288.html?itm_campaign=tiki-reco_UNK_DT_UNK_UNK_tiki-listing_UNK_p-category-mpid-listing-v1_202304040600_MD_batched_PID.208289182&itm_medium=CPC&itm_source=tiki-reco&spid=208289182
",https://salt.tikicdn.com/cache/200x280/ts/product/1f/c6/bb/8d01efef3760dc5a1a1bab2ce3548708.png,None

Máy Tính Bảng Samsung Galaxy Tab S7 FE 4GB/64GB - Hàng Chính Hãng,13.500.000 ₫,None,"https://tiki.vn/may-tinh-bang-samsung-galaxy-tab-s7-fe-4gb-64gb-hang-chinh-hang-p135228421.html?itm_campaign=tiki-reco_UNK_DT_UNK_UNK_tiki-listing_UNK_p-category-mpid-listing-v1_202304040600_MD_batched_PID.196285623&itm_medium=CPC&itm_source=tiki-reco&spid=196285623
",https://salt.tikicdn.com/cache/200x280/ts/product/97/8e/c0/e29c92db6bbaa9add9e27313d725a963.jpg,None

Máy Tính Bảng Samsung Galaxy Tab S8 5G (8GB/128GB) - ĐÃ KÍCH HOẠT ĐIỆN TỬ - Hàng Chính Hãng,20.990.000 ₫,None,"https://tiki.vn/may-tinh-bang-samsung-galaxy-tab-s8-5g-8gb-128gb-da-kich-hoat-dien-tu-hang-chinh-hang-p169457923.html?itm_campaign=tiki-reco_UNK_DT_UNK_UNK_tiki-listing_UNK_p-category-mpid-listing-v1_202304040600_MD_batched_PID.169457927&itm_medium=CPC&itm_source=tiki-reco&spid=169457927
",https://salt.tikicdn.com/cache/200x280/ts/product/a4/25/04/6d3a2fea1bc33a863cbf2c2026af59dc.jpg,None

"Máy tính bảng Masstel Tab 10A 3GB/32GB - Hàng chính hãng, Nguyên Seal, Full Box",2.799.000 ₫,3.390.000 ₫,"https://tiki.vn/may-tinh-bang-masstel-tab-10a-3gb-32gb-hang-chinh-hang-nguyen-seal-full-box-p147108975.html?itm_campaign=tiki-reco_UNK_DT_UNK_UNK_tiki-listing_UNK_p-category-mpid-listing-v1_202304040600_MD_batched_PID.147108984&itm_medium=CPC&itm_source=tiki-reco&spid=147108984
",https://salt.tikicdn.com/cache/200x280/ts/product/3f/76/ee/2b5293264ed53332851700ffa5b17a4c.jpg,None

Máy tính bảng Kindle File HD 8 (10th generation - 2020) Hàng nhập khẩu,1.990.000 ₫,None,"https://tiki.vn/may-tinh-bang-kindle-file-hd-8-10th-generation-2020-hang-nhap-khau-p220669668.html?itm_campaign=tiki-reco_UNK_DT_UNK_UNK_tiki-listing_UNK_p-category-mpid-listing-v1_202304040600_MD_batched_PID.220669676&itm_medium=CPC&itm_source=tiki-reco&spid=220669676
",https://salt.tikicdn.com/cache/200x280/ts/product/41/29/f9/0025b5c24ad9da50540a4d8725093f04.jpg,None

Máy Đọc Sách Kindle Oasis 32G - Hàng Nhập Khẩu - Xám,8.000.000 ₫,None,"https://tiki.vn/may-doc-sach-kindle-oasis-32g-hang-nhap-khau-xam-p2360457.html?itm_campaign=tiki-reco_UNK_DT_UNK_UNK_tiki-listing_UNK_p-category-mpid-listing-v1_202304040600_MD_batched_PID.17616570&itm_medium=CPC&itm_source=tiki-reco&spid=17616570
",https://salt.tikicdn.com/cache/200x280/ts/product/ec/30/ff/dce1b864aec45003f51d75b5af9c548b.jpg,None

Máy Tính Bảng Samsung Galaxy Tab S8 8GB | 128GB - Hàng Chính Hãng,20.500.000 ₫,None,"https://tiki.vn/may-tinh-bang-samsung-galaxy-tab-s8-8gb-128gb-hang-chinh-hang-p175772412.html?itm_campaign=tiki-reco_UNK_DT_UNK_UNK_tiki-listing_UNK_p-category-mpid-listing-v1_202304040600_MD_batched_PID.208289370&itm_medium=CPC&itm_source=tiki-reco&spid=208289370
",https://salt.tikicdn.com/cache/200x280/ts/product/ac/e1/60/63e0ea49c187cd176faaaa552d0a0270.jpeg,None

Máy tính bảng Samsung Galaxy Tab S8 (8gb/128gb) - Hàng chính hãng,20.500.000 ₫,None,"https://tiki.vn/may-tinh-bang-samsung-galaxy-tab-s8-8gb-128gb-hang-chinh-hang-p162593229.html?itm_campaign=tiki-reco_UNK_DT_UNK_UNK_tiki-listing_UNK_p-category-mpid-listing-v1_202304040600_MD_batched_PID.196285496&itm_medium=CPC&itm_source=tiki-reco&spid=196285496
",https://salt.tikicdn.com/cache/200x280/ts/product/8e/4e/22/754a1d6579334441418bcb99e3c71b4c.jpg,None

Máy tính bảng Nexta Smart Study 1 - Hàng Chính Hãng,5.900.000 ₫,7.900.000 ₫,"https://tiki.vn/may-tinh-bang-smart-study-1-0-p162355432.html?itm_campaign=tiki-reco_UNK_DT_UNK_UNK_tiki-listing_UNK_p-category-mpid-listing-v1_202304040600_MD_batched_PID.162355434&itm_medium=CPC&itm_source=tiki-reco&spid=162355434
",https://salt.tikicdn.com/cache/200x280/ts/product/6f/41/03/e6a480f132e8aa1a1a1991a3e8e402d6.png,None

Máy Tính Bảng Galaxy Tab A8 4GB | 64GB - Hàng Chính Hãng,5.500.000 ₫,8.000.000 ₫,"https://tiki.vn/may-tinh-bang-galaxy-tab-a8-4gb-64gb-hang-chinh-hang-p175851126.html?itm_campaign=tiki-reco_UNK_DT_UNK_UNK_tiki-listing_UNK_p-category-mpid-listing-v1_202304040600_MD_batched_PID.196285819&itm_medium=CPC&itm_source=tiki-reco&spid=196285819
",https://salt.tikicdn.com/cache/200x280/ts/product/e5/a5/06/4b7f1d801ee28725c4cf32b0025a9c16.png,None

Máy tính bảng Samsung Galaxy Tab A7 Lite 32GB Xám - Hàng Chính Hãng,3.990.000 ₫,4.490.000 ₫,"https://tiki.vn/may-tinh-bang-samsung-galaxy-tab-a7-lite-32gb-xam-hang-chinh-hang-p186149961.html?itm_campaign=tiki-reco_UNK_DT_UNK_UNK_tiki-listing_UNK_p-category-mpid-listing-v1_202304040600_MD_batched_PID.186149962&itm_medium=CPC&itm_source=tiki-reco&spid=186149962
",https://salt.tikicdn.com/cache/200x280/ts/product/b6/ea/08/e446ecebd4a396c2805cb7a4ce4f0559.png,None

Máy Tính Bảng Samsung Galaxy Tab S8+ 5G (8GB/128GB) - ĐÃ KÍCH HOẠT ĐIỆN TỬ - Hàng Chính Hãng,25.990.000 ₫,None,"https://tiki.vn/may-tinh-bang-samsung-galaxy-tab-s8-5g-8gb-128gb-da-kich-hoat-dien-tu-hang-chinh-hang-p169459378.html?itm_campaign=tiki-reco_UNK_DT_UNK_UNK_tiki-listing_UNK_p-category-mpid-listing-v1_202304040600_MD_batched_PID.169459382&itm_medium=CPC&itm_source=tiki-reco&spid=169459382
",https://salt.tikicdn.com/cache/200x280/ts/product/18/17/0b/6570807a6cf47557233a22d4a5471895.jpg,None

Máy tính bảng Samsung Galaxy Tab A8 64GB Xám (2022) - Hàng Chính Hãng,5.600.000 ₫,8.000.000 ₫,"https://tiki.vn/may-tinh-bang-samsung-galaxy-tab-a8-64gb-xam-2022-hang-chinh-hang-p188948039.html?itm_campaign=tiki-reco_UNK_DT_UNK_UNK_tiki-listing_UNK_p-category-mpid-listing-v1_202304040600_MD_batched_PID.196285860&itm_medium=CPC&itm_source=tiki-reco&spid=196285860
",https://salt.tikicdn.com/cache/200x280/ts/product/84/9d/76/04e7401053e9be37b60e190a8b65cc7c.jpg,None

Máy tính bảng Samsung Galaxy Tab A8 64GB Bạc (2022) - Hàng Chính Hãng,5.500.000 ₫,8.000.000 ₫,"https://tiki.vn/may-tinh-bang-samsung-galaxy-tab-a8-64gb-bac-2022-hang-chinh-hang-p188948646.html?itm_campaign=tiki-reco_UNK_DT_UNK_UNK_tiki-listing_UNK_p-category-mpid-listing-v1_202304040600_MD_batched_PID.196285826&itm_medium=CPC&itm_source=tiki-reco&spid=196285826
",https://salt.tikicdn.com/cache/200x280/ts/product/84/06/f9/3061ba32c1cd5634a026bac9a4a322ad.jpg,None

Máy tính bảng Samsung Galaxy Tab A7 Lite LTE SM-T225 - Hàng Chính Hãng,3.231.000 ₫,4.153.000 ₫,"https://tiki.vn/may-tinh-bang-samsung-galaxy-tab-a7-lite-lte-sm-t225-hang-chinh-hang-p195177036.html?itm_campaign=tiki-reco_UNK_DT_UNK_UNK_tiki-listing_UNK_p-category-mpid-listing-v1_202304040600_MD_batched_PID.196284988&itm_medium=CPC&itm_source=tiki-reco&spid=196284988
",https://salt.tikicdn.com/cache/200x280/ts/product/cc/e5/8e/a3ab5fb9dbb19343020e025747ba9864.jpg,None

"Máy tính bảng Samsung Galaxy Tab A7 Lite (3GB/32GB) - Hàng chính hãng - Màn hình 8.7inch TFT LCD, Camera sau 8MP - Bảo Hành 12 Tháng",3.231.000 ₫,4.000.000 ₫,"https://tiki.vn/may-tinh-bang-samsung-galaxy-tab-a7-lite-3gb-32gb-hang-chinh-hang-man-hinh-8-7inch-tft-lcd-camera-sau-8mp-bao-hanh-12-thang-p213858174.html?itm_campaign=tiki-reco_UNK_DT_UNK_UNK_tiki-listing_UNK_p-category-mpid-listing-v1_202304040600_MD_batched_PID.216732432&itm_medium=CPC&itm_source=tiki-reco&spid=216732432
",https://salt.tikicdn.com/cache/200x280/ts/product/ac/20/bb/031d7c613cc33d6fbe8d5583da855d61.png,None

Máy tính bảng Samsung Galaxy Tab A7 Lite - Hàng chính hãng,3.231.000 ₫,4.153.000 ₫,"https://tiki.vn/may-tinh-bang-samsung-galaxy-tab-a7-lite-hang-chinh-hang-p217158529.html?itm_campaign=tiki-reco_UNK_DT_UNK_UNK_tiki-listing_UNK_p-category-mpid-listing-v1_202304040600_MD_batched_PID.217158532&itm_medium=CPC&itm_source=tiki-reco&spid=217158532
",https://salt.tikicdn.com/cache/200x280/ts/product/ac/20/bb/78fb6ce0479614f39dd2baedf52e7e93.png,None

Máy tính bảng Samsung Galaxy Tab A8 (4GB/64GB) - Hàng Chính Hãng,5.500.000 ₫,8.000.000 ₫,"https://tiki.vn/may-tinh-bang-samsung-galaxy-tab-a8-4gb-64gb-hang-chinh-hang-p217158870.html?itm_campaign=tiki-reco_UNK_DT_UNK_UNK_tiki-listing_UNK_p-category-mpid-listing-v1_202304040600_MD_batched_PID.217158873&itm_medium=CPC&itm_source=tiki-reco&spid=217158873
",https://salt.tikicdn.com/cache/200x280/ts/product/e5/a5/06/ea89aa58495e66e25e919ea442228170.png,None

Máy tính bảng Samsung Galaxy Tab S8 Plus (8gb/128gb) - Hàng chính hãng,25.000.000 ₫,None,"https://tiki.vn/may-tinh-bang-samsung-galaxy-tab-s8-plus-8gb-128gb-hang-chinh-hang-p169314326.html?itm_campaign=tiki-reco_UNK_DT_UNK_UNK_tiki-listing_UNK_p-category-mpid-listing-v1_202304040600_MD_batched_PID.208289226&itm_medium=CPC&itm_source=tiki-reco&spid=208289226
",https://salt.tikicdn.com/cache/200x280/ts/product/3d/b5/28/44b9fd42572f6f80ecd251ddd0450c10.jpeg,None

Máy cắt kính cường lực Rockspace ZC2 - Hàng chính hãng,12.000.000 ₫,None,"https://tiki.vn/may-cat-kinh-cuong-luc-dien-thoai-ipad-dong-ho-may-tinh-bang-rockspace-zc2-p135284242.html?itm_campaign=tiki-reco_UNK_DT_UNK_UNK_tiki-listing_UNK_p-category-mpid-listing-v1_202304040600_MD_batched_PID.135284253&itm_medium=CPC&itm_source=tiki-reco&spid=135284253
",https://salt.tikicdn.com/cache/200x280/ts/product/0e/69/3a/58e4610e7bd06625ed484077d5fad9d4.jpg,None

Máy tính bảng Samsung Galaxy Tab A7 - Hàng chính hãng,7.990.000 ₫,None,"https://tiki.vn/may-tinh-bang-samsung-galaxy-tab-a7-hang-chinh-hang-p141774833.html?itm_campaign=tiki-reco_UNK_DT_UNK_UNK_tiki-listing_UNK_p-category-mpid-listing-v1_202304040600_MD_batched_PID.141774840&itm_medium=CPC&itm_source=tiki-reco&spid=141774840
",https://salt.tikicdn.com/cache/200x280/ts/product/ce/14/be/55e4a9e8e0b380234f275aaaf7c0a7b0.jpg,None

Máy Tính Bảng Samsung Galaxy Tab S7 FE WIFI T733 (4GB/64GB) - ĐÃ KÍCH HOẠT BẢO HÀNH ĐIỆN TỬ - Hàng Chính Hãng,13.990.000 ₫,None,https://tiki.vn/may-tinh-bang-samsung-galaxy-tab-s7-fe-wifi-t733-4gb-64gb-da-kich-hoat-bao-hanh-dien-tu-hang-chinh-hang-p134844715.html?itm_campaign=tiki-reco_UNK_DT_UNK_UNK_tiki-listing_UNK_p-category-mpid-listing-v1_202304040600_MD_batched_PID.143695114&itm_medium=CPC&itm_source=tiki-reco&spid=143695114,https://salt.tikicdn.com/cache/200x280/ts/product/41/30/57/7238ccb636755a2b62f2bf1fcf75095b.jpg,None

