https://cellphones.com.vn/macbook-air-2020-m1.html,laptop
https://cellphones.com.vn/laptop-asus-gaming-rog-strix-g15-g513ih-hn015w.html,laptop
https://cellphones.com.vn/laptop-msi-modern-14-b11mou-1065vn.html,laptop
https://cellphones.com.vn/laptop-lenovo-ideapad-3-15iau7-82rk001gvn.html,laptop
https://cellphones.com.vn/laptop-acer-aspire-3-a315-56-38b1.html,laptop
https://cellphones.com.vn/laptop-msi-gaming-gf63-thin-11ud-473vn.html,laptop
https://cellphones.com.vn/laptop-hp-pavilion-15-eg2037tx-6k783pa.html,laptop
https://cellphones.com.vn/laptop-lenovo-ideapad-gaming-3-15ihu6-82k101hgvn.html,laptop
https://cellphones.com.vn/laptop-lenovo-ideapad-5-pro-14itl6-82l300mavn.html,laptop
https://cellphones.com.vn/laptop-acer-aspire-3-a315-58-53s6.html,laptop
https://cellphones.com.vn/laptop-hp-245-g9-6l1n8pa.html,laptop
https://cellphones.com.vn/macbook-air-m2-2022.html,laptop
https://cellphones.com.vn/laptop-lenovo-ideapad-gaming-3-15arh7-82sb0078vn.html,laptop
https://cellphones.com.vn/macbook-pro-m2-2022.html,laptop
https://cellphones.com.vn/laptop-asus-gaming-rog-strix-g15-g513ih-hn015w.html,laptop
https://cellphones.com.vn/laptop-lenovo-ideapad-gaming-3-15ihu6-82k101b5vn.html,laptop
https://cellphones.com.vn/mac-mini-m2-2023.html,laptop
https://cellphones.com.vn/laptop-msi-gaming-gf63-thin-11sc-664vn.html,laptop
https://cellphones.com.vn/macbook-pro-14-inch-m2-pro-2023.html,laptop
https://cellphones.com.vn/laptop-asus-rog-strix-g15-g513ie-hn246w.html,laptop
https://cellphones.com.vn/laptop-lenovo-ideapad-gaming-3-15arh7-82sb007kvn.html,laptop
https://cellphones.com.vn/laptop-lenovo-ideapad-5-pro-16arh7-82sn003mvn.html,laptop
https://cellphones.com.vn/macbook-air-m2-2022-16gb.html,laptop
https://cellphones.com.vn/laptop-asus-gaming-tuf-fx506lhb-hn188w.html,laptop
https://cellphones.com.vn/macbook-pro-14-inch-2021.html,laptop
https://cellphones.com.vn/laptop-msi-modern-14-b11mou-1065vn.html,laptop
https://cellphones.com.vn/laptop-hp-gaming-victus-15-fa0031dx-6503849.html,laptop
https://cellphones.com.vn/laptop-dell-inspiron-3511-5829blk.html,laptop
https://cellphones.com.vn/macbook-pro-m2-2022-512gb.html,laptop
https://cellphones.com.vn/macbook-pro-m2-2022-16gb-256gb.html,laptop
https://cellphones.com.vn/laptop-asus-vivobook-15x-a1503za-l1422w.html,laptop
https://cellphones.com.vn/laptop-hp-envy-x360-13-bd0063dx.html,laptop
https://cellphones.com.vn/macbook-air-m2-2022-512gb.html,laptop
https://cellphones.com.vn/laptop-asus-zenbook-14x-um5401qa-kn209w.html,laptop
https://cellphones.com.vn/macbook-air-m2-2022-16gb-512gb.html,laptop
https://cellphones.com.vn/laptop-asus-vivobook-x415ma-bv451w.html,laptop
https://cellphones.com.vn/macbook-pro-16-inch-m2-pro-2023.html,laptop
https://cellphones.com.vn/laptop-lenovo-thinkbook-14-g3-acl-21a200r0vn.html,laptop
https://cellphones.com.vn/macbook-pro-m2-2022-16gb-512gb.html,laptop
https://cellphones.com.vn/mac-mini-m2-16gb-2023.html,laptop
https://cellphones.com.vn/laptop-asus-gaming-rog-zephyrus-g14-ga401qc-k2199w.html,laptop
https://cellphones.com.vn/laptop-asus-tuf-dash-gaming-f15-fx517zc-hn079w.html,laptop
https://cellphones.com.vn/laptop-asus-vivobook-14x-m1403qa-ly024w.html,laptop
https://cellphones.com.vn/laptop-asus-tuf-gaming-a15-fa506ihrb-hn019w.html,laptop
https://cellphones.com.vn/laptop-asus-zenbook-14-ux3402za-km219w.html,laptop
https://cellphones.com.vn/laptop-lenovo-ideapad-3-15iau7-82rk001gvn.html,laptop
https://cellphones.com.vn/laptop-asus-tuf-gaming-f15-fx506hc-hn144w.html,laptop
https://cellphones.com.vn/laptop-gaming-acer-nitro-5-eagle-an515-57-54mv.html,laptop
https://cellphones.com.vn/laptop-msi-gaming-bravo-15-b5dd-417vn.html,laptop
https://cellphones.com.vn/laptop-acer-aspire-3-a315-56-38b1.html,laptop
https://cellphones.com.vn/laptop-asus-x515ma-br481w.html,laptop
https://cellphones.com.vn/surface-laptop-pro-7-core-i5-ram-8gb-ssd-128gb-12-3inch.html,laptop
https://cellphones.com.vn/surface-laptop-go.html,laptop
https://cellphones.com.vn/laptop-msi-gaming-gf63-thin-11ud-473vn.html,laptop
https://cellphones.com.vn/laptop-msi-modern-15-a11m-1024vn.html,laptop
https://cellphones.com.vn/laptop-asus-vivobook-m513ua-ej710w.html,laptop
https://cellphones.com.vn/laptop-asus-e210ma-gj537w.html,laptop
https://cellphones.com.vn/laptop-asus-gaming-rog-strix-g15-g513rm-hq055w.html,laptop
https://cellphones.com.vn/laptop-hp-15-dy2795wm-6m0z7ua.html,laptop
https://cellphones.com.vn/laptop-asus-vivobook-x515ka-ej135w.html,laptop
https://cellphones.com.vn/mac-mini-m2-16gb-512gb-2023.html,laptop
https://cellphones.com.vn/macbook-pro-16-inch-2021-m1-max.html,laptop
https://cellphones.com.vn/laptop-lenovo-yoga-slim-7-pro-14ihu5-o-82nh00bdvn.html,laptop
https://cellphones.com.vn/laptop-msi-modern-14-14-b11sbu-668vn.html,laptop
https://cellphones.com.vn/laptop-hp-victus-16-e0175ax-4r0u8pa.html,laptop
https://cellphones.com.vn/laptop-hp-pavilion-15-eg2037tx-6k783pa.html,laptop
https://cellphones.com.vn/mac-mini-m2-512gb-2023.html,laptop
https://cellphones.com.vn/laptop-asus-vivobook-pro-15-oled-m6500qc-ma005w.html,laptop
https://cellphones.com.vn/laptop-huawei-matebook-14-r5.html,laptop
https://cellphones.com.vn/macbook-pro-16-inch-m2-max-2023.html,laptop
https://cellphones.com.vn/laptop-lenovo-ideapad-gaming-3-15ihu6-82k101hgvn.html,laptop
https://cellphones.com.vn/surface-pro-8.html,laptop
https://cellphones.com.vn/laptop-msi-gaming-bravo-15-b5dd-276vn.html,laptop
https://cellphones.com.vn/laptop-dell-vostro-5620-70282719.html,laptop
https://cellphones.com.vn/laptop-acer-gaming-aspire-7-a715-42g-r05g.html,laptop
https://cellphones.com.vn/laptop-asus-rog-strix-g15-g513ih-hn015t.html,laptop
https://cellphones.com.vn/macbook-pro-2020-13-inch-touch-bar-m1-16gb.html,laptop
https://cellphones.com.vn/laptop-surface-pro-9.html,laptop
https://cellphones.com.vn/laptop-msi-modern-14-b11mou-1028vn.html,laptop
https://cellphones.com.vn/macbook-air-m2-2022-24gb.html,laptop
https://cellphones.com.vn/laptop-lenovo-ideapad-5-pro-14itl6-82l300mavn.html,laptop
https://cellphones.com.vn/laptop-asus-rog-strix-gz301zc-ld110w.html,laptop
https://cellphones.com.vn/laptop-msi-modern-14-c11m-011vn.html,laptop
https://cellphones.com.vn/laptop-gaming-acer-nitro-5-eagle-an515-57-53f9.html,laptop
https://cellphones.com.vn/laptop-asus-vivobook-14x-a1403za-km161w.html,laptop
https://cellphones.com.vn/laptop-asus-vivobook-15x-oled-m1503qa-l1044w.html,laptop
https://cellphones.com.vn/laptop-asus-zenbook-14-ux3402za-km221w.html,laptop
https://cellphones.com.vn/laptop-asus-tuf-gaming-f15-fx507zc-hn124w.html,laptop
https://cellphones.com.vn/laptop-lg-gram-2022-14zd90q-g-ax32a5.html,laptop
https://cellphones.com.vn/laptop-dell-inspiron-16-5620-n6i7110w1.html,laptop
https://cellphones.com.vn/laptop-lenovo-ideapad-gaming-3-15ihu6-82k101hgvn.html,laptop
https://cellphones.com.vn/surface-pro-8.html,laptop
https://cellphones.com.vn/laptop-msi-gaming-bravo-15-b5dd-276vn.html,laptop
https://cellphones.com.vn/laptop-dell-vostro-5620-70282719.html,laptop
https://cellphones.com.vn/laptop-acer-gaming-aspire-7-a715-42g-r05g.html,laptop
https://cellphones.com.vn/laptop-asus-rog-strix-g15-g513ih-hn015t.html,laptop
https://cellphones.com.vn/macbook-pro-2020-13-inch-touch-bar-m1-16gb.html,laptop
https://cellphones.com.vn/laptop-surface-pro-9.html,laptop
https://cellphones.com.vn/laptop-msi-modern-14-b11mou-1028vn.html,laptop
https://cellphones.com.vn/macbook-air-m2-2022-24gb.html,laptop
https://cellphones.com.vn/laptop-lenovo-ideapad-5-pro-14itl6-82l300mavn.html,laptop
https://cellphones.com.vn/laptop-asus-rog-strix-gz301zc-ld110w.html,laptop
https://cellphones.com.vn/laptop-msi-modern-14-c11m-011vn.html,laptop
https://cellphones.com.vn/laptop-gaming-acer-nitro-5-eagle-an515-57-53f9.html,laptop
https://cellphones.com.vn/laptop-asus-vivobook-14x-a1403za-km161w.html,laptop
https://cellphones.com.vn/laptop-asus-vivobook-15x-oled-m1503qa-l1044w.html,laptop
https://cellphones.com.vn/laptop-asus-zenbook-14-ux3402za-km221w.html,laptop
https://cellphones.com.vn/laptop-asus-tuf-gaming-f15-fx507zc-hn124w.html,laptop
https://cellphones.com.vn/laptop-lg-gram-2022-14zd90q-g-ax32a5.html,laptop
https://cellphones.com.vn/laptop-dell-inspiron-16-5620-n6i7110w1.html,laptop
https://cellphones.com.vn/laptop-asus-vivobook-15-oled-a1505va-l1201w.html,laptop
https://cellphones.com.vn/laptop-asus-zenbook-um5302ta-lx087w.html,laptop
https://cellphones.com.vn/macbook-pro-14-inch-m2-pro-1tb-2023.html,laptop
https://cellphones.com.vn/laptop-dell-inspiron-15-3520-n3520-i5u085w11blu.html,laptop
https://cellphones.com.vn/laptop-huawei-matebook-14-i5-gen-12.html,laptop
https://cellphones.com.vn/laptop-lenovo-ideapad-yoga-6-13alc6-82nd00bdvn.html,laptop
https://cellphones.com.vn/laptop-msi-gaming-gf63-10sc-804vn.html,laptop
https://cellphones.com.vn/laptop-asus-zenbook-pro-14-duo-oled-ux8402ze-m3044w.html,laptop
https://cellphones.com.vn/laptop-asus-vivobook-15-oled-a1505va-l1114w.html,laptop
https://cellphones.com.vn/laptop-lenovo-thinkpad-e14-21eb0063vn.html,laptop
https://cellphones.com.vn/laptop-lenovo-gaming-legion-5-15arh7-82re002vvn.html,laptop
https://cellphones.com.vn/apple-macbook-air-13-inch-128-gb-mqd32-chinh-hang.html,laptop
https://cellphones.com.vn/laptop-asus-vivobook-15x-oled-a1503za-l1150w.html,laptop
https://cellphones.com.vn/laptop-asus-vivobook-x1502za-bq127w.html,laptop
https://cellphones.com.vn/macbook-pro-16-inch-m2-pro-1tb-2023.html,laptop
https://cellphones.com.vn/laptop-hp-245-g9-6l1n8pa.html,laptop
https://cellphones.com.vn/macbook-pro-14-inch-m2-pro-32gb-2023.html,laptop
https://cellphones.com.vn/surface-pro-7-plus.html,laptop
https://cellphones.com.vn/macbook-pro-16-inch-2021.html,laptop
https://cellphones.com.vn/laptop-asus-vivobook-14x-a1403za-ly072w.html,laptop
https://cellphones.com.vn/laptop-dell-vostro-5620-v6i5001w1.html,laptop
https://cellphones.com.vn/mac-mini-m2-24gb-2023.html,laptop
https://cellphones.com.vn/surface-laptop-4-r5-4680u-8gb-128gb-13-5-inch.html,laptop
https://cellphones.com.vn/laptop-dell-gaming-g15-5511-4xj74.html,laptop
https://cellphones.com.vn/laptop-lg-gram-2022-14zd90q-g-ax51a5.html,laptop
https://cellphones.com.vn/laptop-asus-rog-strix-g16-g614ju-n3135w.html,laptop
https://cellphones.com.vn/laptop-lenovo-gaming-legion-5-15ach6h-82ju00dgvn.html,laptop
https://cellphones.com.vn/laptop-asus-vivobook-14-oled-a1405va-km095w.html,laptop
https://cellphones.com.vn/laptop-hp-pavilion-x360-14-ek0134tu-7c0p8pa.html,laptop
https://cellphones.com.vn/surface-laptop-pro-7-core-i7-ram-16gb-ssd-256gb-12-3inch.html,laptop
https://cellphones.com.vn/laptop-asus-vivobook-15x-a1503za-l1421w.html,laptop
https://cellphones.com.vn/mac-mini-m2-24gb-512gb-2023.html,laptop
https://cellphones.com.vn/laptop-lenovo-ideapad-3-14iau7-82rj001bvn.html,laptop
https://cellphones.com.vn/laptop-asus-vivobook-pro-m3401qa-km025w.html,laptop
https://cellphones.com.vn/laptop-asus-vivobook-14x-a1403za-km067w.html,laptop
https://cellphones.com.vn/laptop-dell-inspiron-16-5620-n6i7009w1.html,laptop
https://cellphones.com.vn/laptop-asus-zenbook-14-ux3402za-km218w.html,laptop
https://cellphones.com.vn/laptop-asus-vivobook-s-14-flip-tn3402ya-lz026w.html,laptop
https://cellphones.com.vn/laptop-hp-pavilion-15-eg2056tu-6k786pa.html,laptop
https://cellphones.com.vn/laptop-huawei-matebook-d16.html,laptop
https://cellphones.com.vn/laptop-asus-tuf-gaming-f17-fx706hc-hx105w.html,laptop
https://cellphones.com.vn/laptop-dell-vostro-3400-70270644.html,laptop
https://cellphones.com.vn/laptop-msi-modern-14-c7m-083vn.html,laptop
https://cellphones.com.vn/laptop-hp-gaming-victus-16-e1106ax-7c0t1pa.html,laptop
https://cellphones.com.vn/laptop-msi-gaming-katana-gf66-11ue-824vn.html,laptop
https://cellphones.com.vn/laptop-lenovo-thinkbook-14s-g2-itl-20va003nvn.html,laptop
https://cellphones.com.vn/laptop-hp-pavilion-x360-14-ek00013.html,laptop
https://cellphones.com.vn/laptop-asus-zenbook-14-oled-ux3402va-km203w.html,laptop
https://cellphones.com.vn/laptop-asus-gaming-rog-zephyrus-g16-gu603vu-n3898w.html,laptop
https://cellphones.com.vn/laptop-dell-vostro-14-3400-yx51w3.html,laptop
https://cellphones.com.vn/laptop-hp-pavilion-14-dv2076tu-7c0p4pa.html,laptop
https://cellphones.com.vn/laptop-asus-tuf-dash-f15-fx517zm-hn480w.html,laptop
https://cellphones.com.vn/laptop-dell-latitude-3520-70251592.html,laptop
https://cellphones.com.vn/laptop-hp-15-dw3033dx-405f6ua.html,laptop
https://cellphones.com.vn/laptop-asus-vivobook-13-slate-oled-t3300.html,laptop
https://cellphones.com.vn/laptop-lenovo-ideapad-gaming-3-15ach6-82k2010gvn.html,laptop
https://cellphones.com.vn/laptop-lenovo-ideapad-5-14aba7-82se007dvn.html,laptop
https://cellphones.com.vn/laptop-lenovo-ideapad-3-15itl6-82h80388vn.html,laptop
https://cellphones.com.vn/laptop-msi-gaming-gf63-thin-11uc-1228vn.html,laptop
https://cellphones.com.vn/laptop-gigabyte-g5-ge-51vn263sh.html,laptop
https://cellphones.com.vn/laptop-asus-tuf-gaming-f17-fx706hc-hx105w.html,laptop
https://cellphones.com.vn/laptop-dell-vostro-3400-70270644.html,laptop
https://cellphones.com.vn/laptop-msi-modern-14-c7m-083vn.html,laptop
https://cellphones.com.vn/laptop-hp-gaming-victus-16-e1106ax-7c0t1pa.html,laptop
https://cellphones.com.vn/laptop-msi-gaming-katana-gf66-11ue-824vn.html,laptop
https://cellphones.com.vn/laptop-lenovo-thinkbook-14s-g2-itl-20va003nvn.html,laptop
https://cellphones.com.vn/laptop-hp-pavilion-x360-14-ek00013.html,laptop
https://cellphones.com.vn/laptop-asus-zenbook-14-oled-ux3402va-km203w.html,laptop
https://cellphones.com.vn/laptop-asus-gaming-rog-zephyrus-g16-gu603vu-n3898w.html,laptop
https://cellphones.com.vn/laptop-dell-vostro-14-3400-yx51w3.html,laptop
https://cellphones.com.vn/laptop-hp-pavilion-14-dv2076tu-7c0p4pa.html,laptop
https://cellphones.com.vn/laptop-asus-tuf-dash-f15-fx517zm-hn480w.html,laptop
https://cellphones.com.vn/laptop-dell-latitude-3520-70251592.html,laptop
https://cellphones.com.vn/laptop-hp-15-dw3033dx-405f6ua.html,laptop
https://cellphones.com.vn/laptop-asus-vivobook-13-slate-oled-t3300.html,laptop
https://cellphones.com.vn/laptop-lenovo-ideapad-gaming-3-15ach6-82k2010gvn.html,laptop
https://cellphones.com.vn/laptop-lenovo-ideapad-5-14aba7-82se007dvn.html,laptop
https://cellphones.com.vn/laptop-lenovo-ideapad-3-15itl6-82h80388vn.html,laptop
https://cellphones.com.vn/laptop-msi-gaming-gf63-thin-11uc-1228vn.html,laptop
https://cellphones.com.vn/laptop-gigabyte-g5-ge-51vn263sh.html,laptop
https://cellphones.com.vn/laptop-asus-tuf-gaming-f17-fx706hc-hx105w.html,laptop
https://cellphones.com.vn/laptop-dell-vostro-3400-70270644.html,laptop
https://cellphones.com.vn/laptop-msi-modern-14-c7m-083vn.html,laptop
https://cellphones.com.vn/laptop-hp-gaming-victus-16-e1106ax-7c0t1pa.html,laptop
https://cellphones.com.vn/laptop-msi-gaming-katana-gf66-11ue-824vn.html,laptop
https://cellphones.com.vn/laptop-lenovo-thinkbook-14s-g2-itl-20va003nvn.html,laptop
https://cellphones.com.vn/laptop-hp-pavilion-x360-14-ek00013.html,laptop
https://cellphones.com.vn/laptop-asus-zenbook-14-oled-ux3402va-km203w.html,laptop
https://cellphones.com.vn/laptop-asus-gaming-rog-zephyrus-g16-gu603vu-n3898w.html,laptop
https://cellphones.com.vn/laptop-dell-vostro-14-3400-yx51w3.html,laptop
https://cellphones.com.vn/laptop-hp-pavilion-14-dv2076tu-7c0p4pa.html,laptop
https://cellphones.com.vn/laptop-asus-tuf-dash-f15-fx517zm-hn480w.html,laptop
https://cellphones.com.vn/laptop-dell-latitude-3520-70251592.html,laptop
https://cellphones.com.vn/laptop-hp-15-dw3033dx-405f6ua.html,laptop
https://cellphones.com.vn/laptop-asus-vivobook-13-slate-oled-t3300.html,laptop
https://cellphones.com.vn/laptop-lenovo-ideapad-gaming-3-15ach6-82k2010gvn.html,laptop
https://cellphones.com.vn/laptop-lenovo-ideapad-5-14aba7-82se007dvn.html,laptop
https://cellphones.com.vn/laptop-lenovo-ideapad-3-15itl6-82h80388vn.html,laptop
https://cellphones.com.vn/laptop-msi-gaming-gf63-thin-11uc-1228vn.html,laptop
https://cellphones.com.vn/laptop-gigabyte-g5-ge-51vn263sh.html,laptop
https://cellphones.com.vn/mac-mini-m2-pro-32gb-2023.html,laptop
https://cellphones.com.vn/laptop-msi-gaming-katana-gf66-12uck-804vn.html,laptop
https://cellphones.com.vn/laptop-asus-tuf-gaming-f15-fx507vv4-lp382w.html,laptop
https://cellphones.com.vn/laptop-lenovo-ideapad-15iau7-82rk001nvn.html,laptop
https://cellphones.com.vn/surface-laptop-pro-8-core-i5-ram-8gb-ssd-256gb.html,laptop
https://cellphones.com.vn/laptop-asus-tuf-gaming-f15-fx506hm-hn366w.html,laptop
https://cellphones.com.vn/laptop-asus-zenbook-14-ux3402za-km220w.html,laptop
https://cellphones.com.vn/laptop-msi-gaming-crosshair-15-b12uez-460vn.html,laptop
https://cellphones.com.vn/laptop-asus-zenbook-14-flip-oled-up3404va-kn038w.html,laptop
https://cellphones.com.vn/laptop-asus-vivobook-pro-m3401qa-km006w.html,laptop
https://cellphones.com.vn/laptop-asus-zenbook-14-flip-oled-up3404va-kn039w.html,laptop
https://cellphones.com.vn/laptop-asus-zenbook-14-flip-oled-up5401za-ku140w.html,laptop
https://cellphones.com.vn/laptop-msi-modern-15-b7m-099vn.html,laptop
https://cellphones.com.vn/laptop-msi-modern-15-b13m-297vn.html,laptop
https://cellphones.com.vn/laptop-msi-modern-14-b10mw-647vn.html,laptop
https://cellphones.com.vn/laptop-dell-vostro-3405-ryzen-5.html,laptop
https://cellphones.com.vn/laptop-asus-expertbook-b3402fea-ec0960w.html,laptop
https://cellphones.com.vn/laptop-dell-inspiron-15-3520-71001747.html,laptop
https://cellphones.com.vn/laptop-hp-pavilion-15-eg2055tu-6k785pa.html,laptop
https://cellphones.com.vn/laptop-asus-expertbook-b5302fea-lf0749w.html,laptop
https://cellphones.com.vn/laptop-asus-rog-strix-g16-g614ju-n3777w.html,laptop
https://cellphones.com.vn/laptop-lg-gram-2022-17z90q-g-ah78a5.html,laptop
https://cellphones.com.vn/laptop-gaming-acer-nitro-5-eagle-an515-57-5669.html,laptop
https://cellphones.com.vn/laptop-lenovo-gaming-legion-5-15iah7h-82rc008lvn.html,laptop
https://cellphones.com.vn/laptop-dell-inspiron-3511-p112f001abl.html,laptop
https://cellphones.com.vn/laptop-asus-tuf-gaming-a15-fa507nu-lp034w.html,laptop
https://cellphones.com.vn/laptop-msi-katana-gf66-2uck-699vn.html,laptop
https://cellphones.com.vn/laptop-msi-modern-14-c13m-607vn.html,laptop
https://cellphones.com.vn/laptop-acer-aspire-5-a514-54-5127.html,laptop
https://cellphones.com.vn/laptop-hp-pavilion-15-eg2035tx-6k781pa.html,laptop
https://cellphones.com.vn/laptop-acer-gaming-aspire-7-a715-43g-r8ga.html,laptop
https://cellphones.com.vn/laptop-hp-pavilion-15-eg2058tu-6k788pa.html,laptop
https://cellphones.com.vn/laptop-gigabyte-g5-ge-51vn213sh.html,laptop
https://cellphones.com.vn/laptop-asus-rog-zephyrus-g15-ga503rs-ln892w.html,laptop
https://cellphones.com.vn/laptop-gaming-acer-nitro-5-an515-58-52sp.html,laptop
https://cellphones.com.vn/laptop-hp-pavilion-x360-14-ek0130tu-7c0p5pa.html,laptop
https://cellphones.com.vn/laptop-hp-envy-x360-convertible-13-ay1056au-601q8pa.html,laptop
https://cellphones.com.vn/laptop-hp-pavilion-15-eg2063tu-6k791pa.html,laptop
https://cellphones.com.vn/laptop-asus-tuf-gaming-f15-fx506hf-hn014w.html,laptop
https://cellphones.com.vn/laptop-msi-modern-14-b11mou-848vn.html,laptop
https://cellphones.com.vn/laptop-asus-rog-strix-g16-g614ju-n3777w.html,laptop
https://cellphones.com.vn/laptop-lg-gram-2022-17z90q-g-ah78a5.html,laptop
https://cellphones.com.vn/laptop-gaming-acer-nitro-5-eagle-an515-57-5669.html,laptop
https://cellphones.com.vn/laptop-lenovo-gaming-legion-5-15iah7h-82rc008lvn.html,laptop
https://cellphones.com.vn/laptop-dell-inspiron-3511-p112f001abl.html,laptop
https://cellphones.com.vn/laptop-asus-tuf-gaming-a15-fa507nu-lp034w.html,laptop
https://cellphones.com.vn/laptop-msi-katana-gf66-2uck-699vn.html,laptop
https://cellphones.com.vn/laptop-msi-modern-14-c13m-607vn.html,laptop
https://cellphones.com.vn/laptop-acer-aspire-5-a514-54-5127.html,laptop
https://cellphones.com.vn/laptop-hp-pavilion-15-eg2035tx-6k781pa.html,laptop
https://cellphones.com.vn/laptop-acer-gaming-aspire-7-a715-43g-r8ga.html,laptop
https://cellphones.com.vn/laptop-hp-pavilion-15-eg2058tu-6k788pa.html,laptop
https://cellphones.com.vn/laptop-gigabyte-g5-ge-51vn213sh.html,laptop
https://cellphones.com.vn/laptop-asus-rog-zephyrus-g15-ga503rs-ln892w.html,laptop
https://cellphones.com.vn/laptop-gaming-acer-nitro-5-an515-58-52sp.html,laptop
https://cellphones.com.vn/laptop-hp-pavilion-x360-14-ek0130tu-7c0p5pa.html,laptop
https://cellphones.com.vn/laptop-hp-envy-x360-convertible-13-ay1056au-601q8pa.html,laptop
https://cellphones.com.vn/laptop-hp-pavilion-15-eg2063tu-6k791pa.html,laptop
https://cellphones.com.vn/laptop-asus-tuf-gaming-f15-fx506hf-hn014w.html,laptop
https://cellphones.com.vn/laptop-msi-modern-14-b11mou-848vn.html,laptop
https://cellphones.com.vn/laptop-asus-expertbook-b5-b5602cba-l20197w.html,laptop
https://cellphones.com.vn/laptop-asus-proart-n7600ze-l2010w.html,laptop
https://cellphones.com.vn/laptop-asus-vivobook-flip-tn3402qa-lz019w.html,laptop
https://cellphones.com.vn/laptop-lenovo-ideapad-3-15iau7-82rk001lvn.html,laptop
https://cellphones.com.vn/laptop-dell-insprion-3525-n5r75825u106w.html,laptop
https://cellphones.com.vn/laptop-hp-pavilion-15-eg2034tx-6k780pa.html,laptop
https://cellphones.com.vn/laptop-lg-gram-2022-14zd90q-g-ax52a5.html,laptop
https://cellphones.com.vn/laptop-msi-modern-14-c13m-611vn.html,laptop
https://cellphones.com.vn/laptop-hp-pavilion-x360-14-ek0131tu-7c0p6pa.html,laptop
https://cellphones.com.vn/laptop-asus-vivobook-pro-m3500qc-l1388w.html,laptop
https://cellphones.com.vn/laptop-lg-gram-2022-16zd90q-g-ax53a5.html,laptop
https://cellphones.com.vn/laptop-msi-modern-15-a5m-238vn.html,laptop
https://cellphones.com.vn/laptop-asus-vivobook-15x-oled-m1503qa-l1028w.html,laptop
https://cellphones.com.vn/laptop-lg-gram-2021.html,laptop
https://cellphones.com.vn/laptop-lenovo-ideapad-gaming-3-15ach6-82k201bbvn.html,laptop
https://cellphones.com.vn/laptop-dell-inspiron-15-3505-y1n1t5.html,laptop
https://cellphones.com.vn/laptop-lenovo-gaming-legion-5-15arh7h-82rd003tvn.html,laptop
https://cellphones.com.vn/laptop-lenovo-ideapad-3-14aba7-82rm003uvn.html,laptop
https://cellphones.com.vn/laptop-dell-inspiron-3505-i3505-a542blk.html,laptop
https://cellphones.com.vn/laptop-gaming-acer-nitro-5-tiger-an515-58-769j.html,laptop
https://cellphones.com.vn/laptop-asus-expertbook-b5-b5602cba-l20197w.html,laptop
https://cellphones.com.vn/laptop-asus-proart-n7600ze-l2010w.html,laptop
https://cellphones.com.vn/laptop-asus-vivobook-flip-tn3402qa-lz019w.html,laptop
https://cellphones.com.vn/laptop-lenovo-ideapad-3-15iau7-82rk001lvn.html,laptop
https://cellphones.com.vn/laptop-dell-insprion-3525-n5r75825u106w.html,laptop
https://cellphones.com.vn/laptop-hp-pavilion-15-eg2034tx-6k780pa.html,laptop
https://cellphones.com.vn/laptop-lg-gram-2022-14zd90q-g-ax52a5.html,laptop
https://cellphones.com.vn/laptop-msi-modern-14-c13m-611vn.html,laptop
https://cellphones.com.vn/laptop-hp-pavilion-x360-14-ek0131tu-7c0p6pa.html,laptop
https://cellphones.com.vn/laptop-asus-vivobook-pro-m3500qc-l1388w.html,laptop
https://cellphones.com.vn/laptop-lg-gram-2022-16zd90q-g-ax53a5.html,laptop
https://cellphones.com.vn/laptop-msi-modern-15-a5m-238vn.html,laptop
https://cellphones.com.vn/laptop-asus-vivobook-15x-oled-m1503qa-l1028w.html,laptop
https://cellphones.com.vn/laptop-lg-gram-2021.html,laptop
https://cellphones.com.vn/laptop-lenovo-ideapad-gaming-3-15ach6-82k201bbvn.html,laptop
https://cellphones.com.vn/laptop-dell-inspiron-15-3505-y1n1t5.html,laptop
https://cellphones.com.vn/laptop-lenovo-gaming-legion-5-15arh7h-82rd003tvn.html,laptop
https://cellphones.com.vn/laptop-lenovo-ideapad-3-14aba7-82rm003uvn.html,laptop
https://cellphones.com.vn/laptop-dell-inspiron-3505-i3505-a542blk.html,laptop
https://cellphones.com.vn/laptop-gaming-acer-nitro-5-tiger-an515-58-769j.html,laptop
https://cellphones.com.vn/laptop-asus-expertbook-b5-b5602cba-l20197w.html,laptop
https://cellphones.com.vn/laptop-asus-proart-n7600ze-l2010w.html,laptop
https://cellphones.com.vn/laptop-asus-vivobook-flip-tn3402qa-lz019w.html,laptop
https://cellphones.com.vn/laptop-lenovo-ideapad-3-15iau7-82rk001lvn.html,laptop
https://cellphones.com.vn/laptop-dell-insprion-3525-n5r75825u106w.html,laptop
https://cellphones.com.vn/laptop-hp-pavilion-15-eg2034tx-6k780pa.html,laptop
https://cellphones.com.vn/laptop-lg-gram-2022-14zd90q-g-ax52a5.html,laptop
https://cellphones.com.vn/laptop-msi-modern-14-c13m-611vn.html,laptop
https://cellphones.com.vn/laptop-hp-pavilion-x360-14-ek0131tu-7c0p6pa.html,laptop
https://cellphones.com.vn/laptop-asus-vivobook-pro-m3500qc-l1388w.html,laptop
https://cellphones.com.vn/laptop-lg-gram-2022-16zd90q-g-ax53a5.html,laptop
https://cellphones.com.vn/laptop-asus-vivobook-15x-oled-m1503qa-l1028w.html,laptop
https://cellphones.com.vn/laptop-msi-modern-15-a5m-238vn.html,laptop
https://cellphones.com.vn/laptop-lg-gram-2021.html,laptop
https://cellphones.com.vn/laptop-lenovo-ideapad-gaming-3-15ach6-82k201bbvn.html,laptop
https://cellphones.com.vn/laptop-dell-inspiron-15-3505-y1n1t5.html,laptop
https://cellphones.com.vn/laptop-lenovo-gaming-legion-5-15arh7h-82rd003tvn.html,laptop
https://cellphones.com.vn/laptop-lenovo-ideapad-3-14aba7-82rm003uvn.html,laptop
https://cellphones.com.vn/laptop-dell-inspiron-3505-i3505-a542blk.html,laptop
https://cellphones.com.vn/laptop-gaming-acer-nitro-5-tiger-an515-58-769j.html,laptop
https://cellphones.com.vn/laptop-hp-14-dq2055wm-39k15ua.html,laptop
https://cellphones.com.vn/laptop-hp-250-g8-518v5pa.html,laptop
https://cellphones.com.vn/laptop-hp-pavilion-x360-14-ek0135tu-7c0w5pa.html,laptop
https://cellphones.com.vn/mac-mini-2020-m1-16gb.html,laptop
https://cellphones.com.vn/laptop-asus-tuf-gaming-fx506hcb-hn139t.html,laptop
https://cellphones.com.vn/laptop-asus-vivobook-a515ea-l12033w.html,laptop
https://cellphones.com.vn/laptop-msi-pulse-gl66-11udk-255vn.html,laptop
https://cellphones.com.vn/laptop-asus-vivobook-s14-s433ea.html,laptop
https://cellphones.com.vn/laptop-dell-vostro-5320-p156g001agr.html,laptop
https://cellphones.com.vn/laptop-lg-gram-2022-16z90q-g-ah78a5.html,laptop
https://cellphones.com.vn/laptop-lg-gram-2022-16z90q-g-ah52a5.html,laptop
https://cellphones.com.vn/laptop-asus-expertbook-b9400cea-kc1013w.html,laptop
https://cellphones.com.vn/laptop-dell-insprion-5415-tx4h61.html,laptop
https://cellphones.com.vn/laptop-hp-pavilion-15-eg2064tx-7c0w8pa.html,laptop
https://cellphones.com.vn/laptop-msi-modern-15-a11m-678vn.html,laptop
https://cellphones.com.vn/laptop-asus-expertbook-b1400ceae-eb3182w.html,laptop
https://cellphones.com.vn/laptop-asus-tuf-gaming-a15-fa507re-hn007w.html,laptop
https://cellphones.com.vn/laptop-lenovo-ideapad-1-11igl05-81vt006fvn.html,laptop
https://cellphones.com.vn/laptop-lenovo-ideapad-15iau7-82rk001qvn.html,laptop
https://cellphones.com.vn/laptop-dell-gaming-g15-5511.html,laptop
https://cellphones.com.vn/laptop-lenovo-yoga-slim-7-14acn6-82n7008wvn.html,laptop
https://cellphones.com.vn/laptop-hp-240-g8-3d0e8pa.html,laptop
https://cellphones.com.vn/macbook-pro-16-inch-2021-m1-max-32gpu-64gb-8tb.html,laptop
https://cellphones.com.vn/laptop-hp-pavilion-15-eg0542tu-4p5g9pa.html,laptop
https://cellphones.com.vn/laptop-asus-gaming-rog-strix-scar-18-g834jy-n6039w.html,laptop
https://cellphones.com.vn/laptop-hp-245-g8-53y18pa.html,laptop
https://cellphones.com.vn/laptop-lg-gram-16-2021.html,laptop
https://cellphones.com.vn/laptop-lenovo-yoga-slim-7-pro-14ihu5-o-82nh00aevn.html,laptop
https://cellphones.com.vn/macbook-pro-16-inch-m2-pro-32gb-2023.html,laptop
https://cellphones.com.vn/laptop-gaming-acer-nitro-5-an515-ryzen-5.html,laptop
https://cellphones.com.vn/laptop-asus-vivobook-flip-14-tp470ea-ec347w.html,laptop
https://cellphones.com.vn/laptop-msi-alpha-15-a4dek.html,laptop
https://cellphones.com.vn/macbook-pro-14-inch-m2-pro-32gb-1tb-2023.html,laptop
https://cellphones.com.vn/laptop-lenovo-ideapad-slim-5-14itl05-82fe016pvn.html,laptop
https://cellphones.com.vn/laptop-msi-modern-14-b5m-203vn.html,laptop
https://cellphones.com.vn/macbook-pro-16-inch-2021-m1-max-32gpu-64gb-2tb.html,laptop
https://cellphones.com.vn/laptop-dell-vostro-3400-70270645.html,laptop
https://cellphones.com.vn/laptop-msi-modern-14-b5m-064vn.html,laptop
https://cellphones.com.vn/laptop-dell-inspiron-3000-i3501-3692blk.html,laptop
https://cellphones.com.vn/laptop-lg-gram-2023-2in1-14t90r-g-ah55a5.html,laptop
https://cellphones.com.vn/laptop-msi-gaming-gf63-thin-11uc-444vn.html,laptop
https://cellphones.com.vn/laptop-msi-prestige-15-a11scx-282vn.html,laptop
https://cellphones.com.vn/laptop-lg-gram-2023-14zd90r-g-ax52a5.html,laptop
https://cellphones.com.vn/laptop-lenovo-ideapad-gaming-3-15ach6-82k2008vvn.html,laptop
https://cellphones.com.vn/laptop-asus-expertbook-b9400cea-kc1258w.html,laptop
https://cellphones.com.vn/laptop-asus-zenbook-pro-14-duo-oled-ux8402ze-m3074w.html,laptop
https://cellphones.com.vn/laptop-asus-rog-strix-g15-g513ic-hn002t.html,laptop
https://cellphones.com.vn/laptop-lenovo-ideapad-3-15aba7-82rn0070vn.html,laptop
https://cellphones.com.vn/laptop-hp-pavilion-x360-14-ek0056tu-6l294pa.html,laptop
https://cellphones.com.vn/laptop-asus-tuf-gaming-a15-fa506iv.html,laptop
https://cellphones.com.vn/laptop-dell-inspiron-15-3000-i3511-7125blk.html,laptop
https://cellphones.com.vn/laptop-msi-modern-15-a5m-234vn.html,laptop
https://cellphones.com.vn/laptop-lenovo-yoga-slim-7-i7.html,laptop
https://cellphones.com.vn/laptop-lg-gram-2023-14z90rs-g-ah54a5.html,laptop
https://cellphones.com.vn/laptop-asus-expertbook-p2451fa-bv3113.html,laptop
https://cellphones.com.vn/laptop-msi-gaming-gf63-thin-11uc-442vn.html,laptop
https://cellphones.com.vn/laptop-hp-14-dq2031tg.html,laptop
https://cellphones.com.vn/laptop-lg-gram-2023-14z90r-g-ah53a51.html,laptop
https://cellphones.com.vn/laptop-asus-vivobook-x415ea-eb640w.html,laptop
https://cellphones.com.vn/laptop-asus-vivobook-15-r565ea-uh51t.html,laptop
https://cellphones.com.vn/laptop-asus-vivobook-x515ep-ej268t.html,laptop
https://cellphones.com.vn/laptop-msi-gaming-gf63-thin-10sc-020vn.html,laptop
https://cellphones.com.vn/laptop-asus-vivobook-a415ea-eb1750w.html,laptop
https://cellphones.com.vn/laptop-dell-gaming-g3-3500-g3500b.html,laptop
https://cellphones.com.vn/laptop-lenovo-yoga-slim-7-pro-14ihu5-o-82nh00afvn.html,laptop
https://cellphones.com.vn/laptop-asus-gaming-rog-strix-g15-g513rw-hq223w.html,laptop
https://cellphones.com.vn/laptop-asus-zenbook-ux425ea-ki883w.html,laptop
https://cellphones.com.vn/laptop-asus-tuf-gaming-a15-fa507rc-hn051w.html,laptop
https://cellphones.com.vn/laptop-asus-vivobook-s15-s533ea-bn293t.html,laptop
https://cellphones.com.vn/laptop-msi-katana-gf66-11uc-641vn.html,laptop
https://cellphones.com.vn/laptop-lenovo-ideapad-3-15itl6-82h800m5vn.html,laptop
https://cellphones.com.vn/laptop-asus-tuf-gaming-a15-fa507rm-hn018w.html,laptop
https://cellphones.com.vn/macbook-pro-16-inch-2021-32gb.html,laptop
https://cellphones.com.vn/laptop-lenovo-ideapad-5-15alc05-82ln00cevn.html,laptop
https://cellphones.com.vn/laptop-asus-gaming-rog-zephyrus-g14-ga401qm-k2041t-tui.html,laptop
https://cellphones.com.vn/laptop-msi-prestige-14-evo-206vn.html,laptop
https://cellphones.com.vn/laptop-asus-gaming-rog-strix-scar-16-g634jz-n4029w.html,laptop
https://cellphones.com.vn/laptop-hp-14-cf2033wm-3v7g4ua-pent.html,laptop
https://cellphones.com.vn/laptop-acer-travelmate-tmb311-31-p49d.html,laptop
https://cellphones.com.vn/laptop-asus-vivobook-m513ua-l1221t.html,laptop
https://cellphones.com.vn/laptop-asus-vivobook-x515ep-ej268t.html,laptop
https://cellphones.com.vn/laptop-msi-gaming-gf63-thin-10sc-020vn.html,laptop
https://cellphones.com.vn/laptop-asus-vivobook-a415ea-eb1750w.html,laptop
https://cellphones.com.vn/laptop-dell-gaming-g3-3500-g3500b.html,laptop
https://cellphones.com.vn/laptop-asus-gaming-rog-strix-g15-g513rw-hq223w.html,laptop
https://cellphones.com.vn/laptop-lenovo-yoga-slim-7-pro-14ihu5-o-82nh00afvn.html,laptop
https://cellphones.com.vn/laptop-asus-zenbook-ux425ea-ki883w.html,laptop
https://cellphones.com.vn/laptop-asus-tuf-gaming-a15-fa507rc-hn051w.html,laptop
https://cellphones.com.vn/laptop-asus-vivobook-s15-s533ea-bn293t.html,laptop
https://cellphones.com.vn/laptop-msi-katana-gf66-11uc-641vn.html,laptop
https://cellphones.com.vn/laptop-lenovo-ideapad-3-15itl6-82h800m5vn.html,laptop
https://cellphones.com.vn/laptop-asus-tuf-gaming-a15-fa507rm-hn018w.html,laptop
https://cellphones.com.vn/laptop-lenovo-ideapad-5-15alc05-82ln00cevn.html,laptop
https://cellphones.com.vn/macbook-pro-16-inch-2021-32gb.html,laptop
https://cellphones.com.vn/laptop-asus-gaming-rog-zephyrus-g14-ga401qm-k2041t-tui.html,laptop
https://cellphones.com.vn/laptop-msi-prestige-14-evo-206vn.html,laptop
https://cellphones.com.vn/laptop-asus-gaming-rog-strix-scar-16-g634jz-n4029w.html,laptop
https://cellphones.com.vn/laptop-hp-14-cf2033wm-3v7g4ua-pent.html,laptop
https://cellphones.com.vn/laptop-acer-travelmate-tmb311-31-p49d.html,laptop
https://cellphones.com.vn/laptop-asus-vivobook-m513ua-l1221t.html,laptop
https://cellphones.com.vn/laptop-asus-vivobook-x515ep-ej268t.html,laptop
https://cellphones.com.vn/laptop-msi-gaming-gf63-thin-10sc-020vn.html,laptop
https://cellphones.com.vn/laptop-asus-vivobook-a415ea-eb1750w.html,laptop
https://cellphones.com.vn/laptop-dell-gaming-g3-3500-g3500b.html,laptop
https://cellphones.com.vn/laptop-asus-gaming-rog-strix-g15-g513rw-hq223w.html,laptop
https://cellphones.com.vn/laptop-lenovo-yoga-slim-7-pro-14ihu5-o-82nh00afvn.html,laptop
https://cellphones.com.vn/laptop-asus-zenbook-ux425ea-ki883w.html,laptop
https://cellphones.com.vn/laptop-asus-tuf-gaming-a15-fa507rc-hn051w.html,laptop
https://cellphones.com.vn/laptop-asus-vivobook-s15-s533ea-bn293t.html,laptop
https://cellphones.com.vn/laptop-msi-katana-gf66-11uc-641vn.html,laptop
https://cellphones.com.vn/laptop-lenovo-ideapad-3-15itl6-82h800m5vn.html,laptop
https://cellphones.com.vn/laptop-asus-tuf-gaming-a15-fa507rm-hn018w.html,laptop
https://cellphones.com.vn/laptop-lenovo-ideapad-5-15alc05-82ln00cevn.html,laptop
https://cellphones.com.vn/macbook-pro-16-inch-2021-32gb.html,laptop
https://cellphones.com.vn/laptop-asus-gaming-rog-zephyrus-g14-ga401qm-k2041t-tui.html,laptop
https://cellphones.com.vn/laptop-msi-prestige-14-evo-206vn.html,laptop
https://cellphones.com.vn/laptop-asus-gaming-rog-strix-scar-16-g634jz-n4029w.html,laptop
https://cellphones.com.vn/laptop-hp-14-cf2033wm-3v7g4ua-pent.html,laptop
https://cellphones.com.vn/laptop-acer-travelmate-tmb311-31-p49d.html,laptop
https://cellphones.com.vn/laptop-asus-vivobook-m513ua-l1221t.html,laptop
https://cellphones.com.vn/laptop-lg-gram-2022-16zd90q-g-ax51a5.html,laptop
https://cellphones.com.vn/laptop-lg-gram-2022-14zd90q-g-ax31a5.html,laptop
https://cellphones.com.vn/laptop-hp-pavilion-x360-14-ek0057tu-6k7e0pa.html,laptop
https://cellphones.com.vn/laptop-hp-victus-16-d0293tx-5z9r4pa.html,laptop
https://cellphones.com.vn/macbook-pro-16-inch-2021-32gb-1tb.html,laptop
https://cellphones.com.vn/laptop-dell-vostro-5301-i5-ssd-256gb.html,laptop
https://cellphones.com.vn/laptop-hp-240-g8-3d3h7pa.html,laptop
https://cellphones.com.vn/laptop-lg-gram-2022-16zd90q-g-ax51a5.html,laptop
https://cellphones.com.vn/laptop-lg-gram-2022-14zd90q-g-ax31a5.html,laptop
https://cellphones.com.vn/laptop-hp-pavilion-x360-14-ek0057tu-6k7e0pa.html,laptop
https://cellphones.com.vn/laptop-hp-victus-16-d0293tx-5z9r4pa.html,laptop
https://cellphones.com.vn/macbook-pro-16-inch-2021-32gb-1tb.html,laptop
https://cellphones.com.vn/laptop-dell-vostro-5301-i5-ssd-256gb.html,laptop
https://cellphones.com.vn/laptop-hp-240-g8-3d3h7pa.html,laptop
https://cellphones.com.vn/samsung-galaxy-m14.html,dienthoai
https://cellphones.com.vn/samsung-galaxy-a23-5g.html,dienthoai
https://cellphones.com.vn/samsung-galaxy-a14-4g.html,dienthoai
https://cellphones.com.vn/samsung-galaxy-a14.html,dienthoai
https://cellphones.com.vn/xiaomi-redmi-note-12.html,dienthoai
https://cellphones.com.vn/samsung-galaxy-s23-ultra.html,dienthoai
https://cellphones.com.vn/iphone-14-pro-max.html,dienthoai
https://cellphones.com.vn/iphone-13.html,dienthoai
https://cellphones.com.vn/iphone-13-pro-max.html,dienthoai
https://cellphones.com.vn/iphone-14-pro.html,dienthoai
https://cellphones.com.vn/iphone-14.html,dienthoai
https://cellphones.com.vn/oppo-reno-8t.html,dienthoai
https://cellphones.com.vn/iphone-11.html,dienthoai
https://cellphones.com.vn/samsung-galaxy-s22-ultra.html,dienthoai
https://cellphones.com.vn/iphone-14-pro-max-256gb.html,dienthoai
https://cellphones.com.vn/iphone-12.html,dienthoai
https://cellphones.com.vn/vivo-y35.html,dienthoai
https://cellphones.com.vn/oppo-find-n2-flip.html,dienthoai
https://cellphones.com.vn/iphone-11-128gb.html,dienthoai
https://cellphones.com.vn/xiaomi-redmi-note-12-pro-5g.html,dienthoai
https://cellphones.com.vn/samsung-galaxy-z-flip-4.html,dienthoai
https://cellphones.com.vn/realme-9-pro.html,dienthoai
https://cellphones.com.vn/iphone-14-plus.html,dienthoai
https://cellphones.com.vn/iphone-13-pro-max-256gb.html,dienthoai
https://cellphones.com.vn/xiaomi-redmi-note-11-pro.html,dienthoai
https://cellphones.com.vn/iphone-14-pro-256gb.html,dienthoai
https://cellphones.com.vn/xiaomi-13-lite.html,dienthoai
https://cellphones.com.vn/samsung-galaxy-s20-fe.html,dienthoai
https://cellphones.com.vn/samsung-galaxy-a34.html,dienthoai
https://cellphones.com.vn/samsung-galaxy-s22-ultra-12gb-256gb.html,dienthoai
https://cellphones.com.vn/iphone-12-128gb.html,dienthoai
https://cellphones.com.vn/xiaomi-13.html,dienthoai
https://cellphones.com.vn/realme-9-pro-plus.html,dienthoai
https://cellphones.com.vn/tecno-spark-10-pro.html,dienthoai
https://cellphones.com.vn/samsung-galaxy-a54.html,dienthoai
https://cellphones.com.vn/samsung-galaxy-s23.html,dienthoai
https://cellphones.com.vn/xiaomi-redmi-note-11-pro-plus.html,dienthoai
https://cellphones.com.vn/samsung-galaxy-s23-ultra-12gb-512gb.html,dienthoai
https://cellphones.com.vn/samsung-galaxy-z-fold-4.html,dienthoai
https://cellphones.com.vn/tecno-pova-4-pro.html,dienthoai
https://cellphones.com.vn/xiaomi-mi-12t.html,dienthoai
https://cellphones.com.vn/samsung-galaxy-a73.html,dienthoai
https://cellphones.com.vn/xiaomi-redmi-note-11-pro-5g.html,dienthoai
https://cellphones.com.vn/xiaomi-mi-12t-pro.html,dienthoai
https://cellphones.com.vn/iphone-13-pro.html,dienthoai
https://cellphones.com.vn/realme-c55.html,dienthoai
https://cellphones.com.vn/samsung-galaxy-m14.html,dienthoai
https://cellphones.com.vn/iphone-14-pro-max-512gb.html,dienthoai
https://cellphones.com.vn/xiaomi-13-pro.html,dienthoai
https://cellphones.com.vn/samsung-galaxy-a23-5g.html,dienthoai
https://cellphones.com.vn/samsung-galaxy-a73-128gb.html,dienthoai
https://cellphones.com.vn/nokia-g22.html,dienthoai
https://cellphones.com.vn/iphone-12-pro-256gb.html,dienthoai
https://cellphones.com.vn/asus-rog-phone-6-12gb-256gb.html,dienthoai
https://cellphones.com.vn/samsung-galaxy-a53.html,dienthoai
https://cellphones.com.vn/xiaomi-redmi-note-11.html,dienthoai
https://cellphones.com.vn/samsung-galaxy-s22.html,dienthoai
https://cellphones.com.vn/samsung-galaxy-z-flip-4-256gb.html,dienthoai
https://cellphones.com.vn/tecno-spark-10-pro-8gb-256gb.html,dienthoai
https://cellphones.com.vn/iphone-14-pro-max-1tb.html,dienthoai
https://cellphones.com.vn/samsung-galaxy-s23-plus.html,dienthoai
https://cellphones.com.vn/realme-10.html,dienthoai
https://cellphones.com.vn/samsung-galaxy-a14-4g.html,dienthoai
https://cellphones.com.vn/samsung-galaxy-a14.html,dienthoai
https://cellphones.com.vn/iphone-13-pro.html,dienthoai
https://cellphones.com.vn/realme-c55.html,dienthoai
https://cellphones.com.vn/samsung-galaxy-m14.html,dienthoai
https://cellphones.com.vn/iphone-14-pro-max-512gb.html,dienthoai
https://cellphones.com.vn/xiaomi-13-pro.html,dienthoai
https://cellphones.com.vn/samsung-galaxy-a23-5g.html,dienthoai
https://cellphones.com.vn/samsung-galaxy-a73-128gb.html,dienthoai
https://cellphones.com.vn/nokia-g22.html,dienthoai
https://cellphones.com.vn/iphone-12-pro-256gb.html,dienthoai
https://cellphones.com.vn/asus-rog-phone-6-12gb-256gb.html,dienthoai
https://cellphones.com.vn/samsung-galaxy-a53.html,dienthoai
https://cellphones.com.vn/xiaomi-redmi-note-11.html,dienthoai
https://cellphones.com.vn/samsung-galaxy-s22.html,dienthoai
https://cellphones.com.vn/samsung-galaxy-z-flip-4-256gb.html,dienthoai
https://cellphones.com.vn/tecno-spark-10-pro-8gb-256gb.html,dienthoai
https://cellphones.com.vn/iphone-14-pro-max-1tb.html,dienthoai
https://cellphones.com.vn/samsung-galaxy-s23-plus.html,dienthoai
https://cellphones.com.vn/realme-10.html,dienthoai
https://cellphones.com.vn/samsung-galaxy-a14-4g.html,dienthoai
https://cellphones.com.vn/samsung-galaxy-a14.html,dienthoai
https://cellphones.com.vn/iphone-14-plus-256gb.html,dienthoai
https://cellphones.com.vn/xiaomi-11-lite-5g-ne.html,dienthoai
https://cellphones.com.vn/samsung-galaxy-z-fold-3.html,dienthoai
https://cellphones.com.vn/oppo-reno-8.html,dienthoai
https://cellphones.com.vn/vivo-v23e.html,dienthoai
https://cellphones.com.vn/iphone-14-plus-512gb.html,dienthoai
https://cellphones.com.vn/xiaomi-poco-m5s.html,dienthoai
https://cellphones.com.vn/realme-c55-8gb-256gb.html,dienthoai
https://cellphones.com.vn/samsung-galaxy-s22-256gb.html,dienthoai
https://cellphones.com.vn/oppo-a77s.html,dienthoai
https://cellphones.com.vn/nokia-c31-4gb-128gb.html,dienthoai
https://cellphones.com.vn/vivo-v27e.html,dienthoai
https://cellphones.com.vn/vivo-t1x.html,dienthoai
https://cellphones.com.vn/samsung-galaxy-s22-plus-256gb.html,dienthoai
https://cellphones.com.vn/nokia-c21-plus-32gb.html,dienthoai
https://cellphones.com.vn/oppo-reno-8-5g.html,dienthoai
https://cellphones.com.vn/nokia-110-4g.html,dienthoai
https://cellphones.com.vn/nokia-215-4g.html,dienthoai
https://cellphones.com.vn/xiaomi-poco-m5-6gb-128gb.html,dienthoai
https://cellphones.com.vn/oppo-a57.html,dienthoai
https://cellphones.com.vn/iphone-14-plus-256gb.html,dienthoai
https://cellphones.com.vn/xiaomi-11-lite-5g-ne.html,dienthoai
https://cellphones.com.vn/samsung-galaxy-z-fold-3.html,dienthoai
https://cellphones.com.vn/oppo-reno-8.html,dienthoai
https://cellphones.com.vn/vivo-v23e.html,dienthoai
https://cellphones.com.vn/iphone-14-plus-512gb.html,dienthoai
https://cellphones.com.vn/xiaomi-poco-m5s.html,dienthoai
https://cellphones.com.vn/realme-c55-8gb-256gb.html,dienthoai
https://cellphones.com.vn/samsung-galaxy-s22-256gb.html,dienthoai
https://cellphones.com.vn/oppo-a77s.html,dienthoai
https://cellphones.com.vn/nokia-c31-4gb-128gb.html,dienthoai
https://cellphones.com.vn/vivo-v27e.html,dienthoai
https://cellphones.com.vn/vivo-t1x.html,dienthoai
https://cellphones.com.vn/samsung-galaxy-s22-plus-256gb.html,dienthoai
https://cellphones.com.vn/nokia-c21-plus-32gb.html,dienthoai
https://cellphones.com.vn/oppo-reno-8-5g.html,dienthoai
https://cellphones.com.vn/nokia-110-4g.html,dienthoai
https://cellphones.com.vn/nokia-215-4g.html,dienthoai
https://cellphones.com.vn/xiaomi-poco-m5-6gb-128gb.html,dienthoai
https://cellphones.com.vn/oppo-a57.html,dienthoai
https://cellphones.com.vn/nokia-g11-plus-32gb.html,dienthoai
https://cellphones.com.vn/samsung-galaxy-z-fold-4-512gb.html,dienthoai
https://cellphones.com.vn/oneplus-11-8gb-128gb.html,dienthoai
https://cellphones.com.vn/oppo-a57-128gb.html,dienthoai
https://cellphones.com.vn/samsung-galaxy-s21-ultra.html,dienthoai
https://cellphones.com.vn/oppo-reno7-z.html,dienthoai
https://cellphones.com.vn/oppo-reno-8-pro.html,dienthoai
https://cellphones.com.vn/asus-rog-phone-5s.html,dienthoai
https://cellphones.com.vn/oppo-a54.html,dienthoai
https://cellphones.com.vn/oppo-a16k.html,dienthoai
https://cellphones.com.vn/oppo-a17k.html,dienthoai
https://cellphones.com.vn/nubia-red-magic-7-18gb-256gb.html,dienthoai
https://cellphones.com.vn/oneplus-10t.html,dienthoai
https://cellphones.com.vn/realme-c33-4gb-64gb.html,dienthoai
https://cellphones.com.vn/vivo-y22s.html,dienthoai
https://cellphones.com.vn/realme-c35-128gb.html,dienthoai
https://cellphones.com.vn/oneplus-8t-5g.html,dienthoai
https://cellphones.com.vn/oppo-reno7-pro.html,dienthoai
https://cellphones.com.vn/oppo-a96.html,dienthoai
https://cellphones.com.vn/oneplus-10t-8gb-128gb.html,dienthoai
https://cellphones.com.vn/nokia-g11-plus-32gb.html,dienthoai
https://cellphones.com.vn/samsung-galaxy-z-fold-4-512gb.html,dienthoai
https://cellphones.com.vn/oneplus-11-8gb-128gb.html,dienthoai
https://cellphones.com.vn/oppo-a57-128gb.html,dienthoai
https://cellphones.com.vn/samsung-galaxy-s21-ultra.html,dienthoai
https://cellphones.com.vn/oppo-reno7-z.html,dienthoai
https://cellphones.com.vn/oppo-reno-8-pro.html,dienthoai
https://cellphones.com.vn/asus-rog-phone-5s.html,dienthoai
https://cellphones.com.vn/oppo-a54.html,dienthoai
https://cellphones.com.vn/oppo-a16k.html,dienthoai
https://cellphones.com.vn/oppo-a17k.html,dienthoai
https://cellphones.com.vn/nubia-red-magic-7-18gb-256gb.html,dienthoai
https://cellphones.com.vn/oneplus-10t.html,dienthoai
https://cellphones.com.vn/realme-c33-4gb-64gb.html,dienthoai
https://cellphones.com.vn/vivo-y22s.html,dienthoai
https://cellphones.com.vn/realme-c35-128gb.html,dienthoai
https://cellphones.com.vn/oneplus-8t-5g.html,dienthoai
https://cellphones.com.vn/oppo-reno7-pro.html,dienthoai
https://cellphones.com.vn/oppo-a96.html,dienthoai
https://cellphones.com.vn/oneplus-10t-8gb-128gb.html,dienthoai
https://cellphones.com.vn/nubia-red-magic-7-16gb-256gb.html,dienthoai
https://cellphones.com.vn/oppo-reno-7.html,dienthoai
https://cellphones.com.vn/realme-c30s.html,dienthoai
https://cellphones.com.vn/nokia-c21-plus.html,dienthoai
https://cellphones.com.vn/asus-rog-phone-3.html,dienthoai
https://cellphones.com.vn/samsung-galaxy-s23-plus-512gb.html,dienthoai
https://cellphones.com.vn/oppo-a17.html,dienthoai
https://cellphones.com.vn/oppo-a76.html,dienthoai
https://cellphones.com.vn/vivo-x80-pro.html,dienthoai
https://cellphones.com.vn/vivo-t1-5g.html,dienthoai
https://cellphones.com.vn/nokia-c20.html,dienthoai
https://cellphones.com.vn/nokia-c20-16gb.html,dienthoai
https://cellphones.com.vn/realme-c33.html,dienthoai
https://cellphones.com.vn/vivo-y02.html,dienthoai
https://cellphones.com.vn/realme-8-5g.html,dienthoai
https://cellphones.com.vn/vivo-v25-pro.html,dienthoai
https://cellphones.com.vn/asus-rog-phone-5s-512gb.html,dienthoai
https://cellphones.com.vn/vivo-y16.html,dienthoai
https://cellphones.com.vn/vivo-t1x-8gb-128gb.html,dienthoai
https://cellphones.com.vn/poco-x5-pro.html,dienthoai
https://cellphones.com.vn/vivo-v25.html,dienthoai
https://cellphones.com.vn/realme-c30s-4gb-64gb.html,dienthoai
https://cellphones.com.vn/oppo-a16.html,dienthoai
https://cellphones.com.vn/realme-c30s-3gb-64gb.html,dienthoai
https://cellphones.com.vn/realme-c21y-4gb-64gb.html,dienthoai
https://cellphones.com.vn/vivo-y02s.html,dienthoai
https://cellphones.com.vn/nokia-105-dual-sim-2019.html,dienthoai
https://cellphones.com.vn/vivo-y22s-4g-128gb.html,dienthoai
https://cellphones.com.vn/nokia-g21.html,dienthoai
https://cellphones.com.vn/xiaomi-redmi-note-12s.html,dienthoai
https://cellphones.com.vn/samsung-galaxy-z-flip-4-flex-mode-collection.html,dienthoai
https://cellphones.com.vn/xiaomi-poco-x3-gt.html,dienthoai
https://cellphones.com.vn/nokia-c30.html,dienthoai
https://cellphones.com.vn/vivo-y02s-3gb-64gb.html,dienthoai
https://cellphones.com.vn/poco-x5.html,dienthoai
https://cellphones.com.vn/nokia-c30-2gb.html,dienthoai
https://cellphones.com.vn/nokia-2660-flip.html,dienthoai
https://cellphones.com.vn/vivo-y02a.html,dienthoai
https://cellphones.com.vn/asus-rog-phone-5s-12gb.html,dienthoai
https://cellphones.com.vn/samsung-galaxy-s20-plus-cu-tray-xuoc.html,dienthoai
https://cellphones.com.vn/ipad-10-2-inch-2021.html,tablet
https://cellphones.com.vn/ipad-air-5.html,tablet
https://cellphones.com.vn/ipad-10-9-inch-2022.html,tablet
https://cellphones.com.vn/ipad-mini-6.html,tablet
https://cellphones.com.vn/ipad-pro-11-2021.html,tablet
https://cellphones.com.vn/samsung-galaxy-tab-s8-ultra.html,tablet
https://cellphones.com.vn/ipad-pro-2022-11-inch-m2.html,tablet
https://cellphones.com.vn/xiaomi-mi-pad-5-256gb.html,tablet
https://cellphones.com.vn/samsung-galaxy-tab-s8-wifi.html,tablet
https://cellphones.com.vn/ipad-air-4-4g-256gb.html,tablet
https://cellphones.com.vn/samsung-galaxy-tab-s8.html,tablet
https://cellphones.com.vn/ipad-air-5-5g.html,tablet
https://cellphones.com.vn/ipad-10-2-inch-2021-256gb.html,tablet
https://cellphones.com.vn/ipad-pro-12-9-2021.html,tablet
https://cellphones.com.vn/ipad-10-2-inch-2021-4g.html,tablet
https://cellphones.com.vn/lenovo-tab-m8-gen-2-3gb-32gb.html,tablet
https://cellphones.com.vn/nokia-t20.html,tablet
https://cellphones.com.vn/ipad-pro-2022-11-inch-m2-256gb.html,tablet
https://cellphones.com.vn/samsung-galaxy-tab-s8-plus.html,tablet
https://cellphones.com.vn/ipad-10-9-inch-2022-256gb.html,tablet
https://cellphones.com.vn/ipad-pro-2022-12-9-inch-m2.html,tablet
https://cellphones.com.vn/ipad-mini-6-4g.html,tablet
https://cellphones.com.vn/redmi-pad-5g.html,tablet
https://cellphones.com.vn/ipad-pro-2022-11-inch-m2-5g.html,tablet
https://cellphones.com.vn/lenovo-tab-m10-gen-2.html,tablet
https://cellphones.com.vn/ipad-10-9-inch-2022-5g.html,tablet
https://cellphones.com.vn/oppo-pad-air.html,tablet
https://cellphones.com.vn/samsung-galaxy-tab-s7-fe.html,tablet
https://cellphones.com.vn/lenovo-tab-p11-plus.html,tablet
https://cellphones.com.vn/ipad-10-2-inch-2021-4g-256gb.html,tablet
https://cellphones.com.vn/ipad-pro-11-2021-5g-256gb.html,tablet
https://cellphones.com.vn/huawei-matepad-se-10-4.html,tablet
https://cellphones.com.vn/huawei-matepad-2022.html,tablet
https://cellphones.com.vn/ipad-pro-12-9-2021-5g.html,tablet
https://cellphones.com.vn/may-doc-sach-kindle-2022-11th-generation-16gb.html,tablet
https://cellphones.com.vn/may-doc-sach-kindle-paperwhite-5.html,tablet
https://cellphones.com.vn/ipad-pro-2022-12-9-inch-m2-256gb.html,tablet
https://cellphones.com.vn/ipad-pro-2022-11-inch-m2-5g-256gb.html,tablet
https://cellphones.com.vn/samsung-galaxy-tab-a8.html,tablet
https://cellphones.com.vn/ipad-pro-2022-12-9-inch-m2-5g-256gb.html,tablet
https://cellphones.com.vn/ipad-pro-2022-12-9-inch-m2-5g.html,tablet
https://cellphones.com.vn/oppo-pad-air-128gb.html,tablet
https://cellphones.com.vn/lenovo-tab-m10-gen-3-4gb-64gb.html,tablet
https://cellphones.com.vn/may-doc-sach-kindle-oasis-3-32gb.html,tablet
https://cellphones.com.vn/lenovo-yoga-tab-11.html,tablet
https://cellphones.com.vn/samsung-galaxy-tab-a7-lite.html,tablet
https://cellphones.com.vn/may-doc-sach-kindle-kids-2022-16gb-ocean-explorer.html,tablet
https://cellphones.com.vn/may-doc-sach-kindle-oasis-3.html,tablet
https://cellphones.com.vn/ipad-pro-2022-11-inch-m2-5g-512gb.html,tablet
https://cellphones.com.vn/ipad-pro-12-9-2021-5g-256gb.html,tablet
https://cellphones.com.vn/apple-ipad-pro-12-9-2020-wifi-128-gb.html,tablet
https://cellphones.com.vn/lenovo-tab-m10-fhd-plus.html,tablet
https://cellphones.com.vn/ipad-pro-2022-12-9-inch-m2-512gb.html,tablet
https://cellphones.com.vn/apple-ipad-pro-11-2020-4g-256-gb.html,tablet
https://cellphones.com.vn/ipad-pro-11-2021-5g-512gb.html,tablet
https://cellphones.com.vn/may-doc-sach-kindle-paperwhite-5-32gb.html,tablet
https://cellphones.com.vn/ipad-pro-2022-12-9-inch-m2-1tb.html,tablet
https://cellphones.com.vn/ipad-pro-2022-11-inch-m2-2tb.html,tablet
https://cellphones.com.vn/ipad-pro-2022-11-inch-m2-1tb.html,tablet
https://cellphones.com.vn/ipad-pro-2022-11-inch-m2-5g-2tb.html,tablet
https://cellphones.com.vn/ipad-pro-2022-12-9-inch-m2-2tb.html,tablet
https://cellphones.com.vn/ipad-pro-2022-12-9-inch-m2-2tb.html,tablet
https://cellphones.com.vn/macbook-air-2020-m1-16gb.html,laptop
https://cellphones.com.vn/macbook-air-2020-m1-512gb.html,laptop
https://cellphones.com.vn/macbook-pro-16-inch-m2-pro-32gb-1tb-2023.html,laptop
https://cellphones.com.vn/macbook-pro-16-inch-2021-1tb.html,laptop
https://cellphones.com.vn/laptop-hp-victus-16-e0177ax-4r0u9pa.html,laptop
https://cellphones.com.vn/laptop-asus-rog-strix-g15-g513im-hn008w.html,laptop
https://cellphones.com.vn/macbook-pro-2020-13-inch-touch-bar-m1-512gb.html,laptop
https://cellphones.com.vn/macbook-pro-2020-13-inch-touch-bar-m1.html,laptop
