https://phongvu.vn/macbook-air-2020-13-3-mgn93sa-a-m1-8gb-ssd-256gb-bac--s201201615,laptop
https://phongvu.vn/asus-tuf-gaming-fx506hc-hn144w--s220303079,laptop
https://phongvu.vn/asus-gaming-rog-strix-g513ie-hn246w--s220802898,laptop
https://phongvu.vn/asus-zenbook-um5401qa-kn209w--s220200780,laptop
https://phongvu.vn/laptop-hp-pavilion-x360-14-ek0059tu-6k7e1pa--s220610044,laptop
https://phongvu.vn/hp-envy-x360-13-bf0096tu-76b16pa--s221003310,laptop
https://phongvu.vn/hp-victus-16-e1107ax-7c140pa--s221101325,laptop
https://phongvu.vn/acer-nitro-5-an515-58-52sp-nh-qfhsv-001--s220101409,laptop
https://phongvu.vn/acer-aspire-5-a514-54-5127--s211104708,laptop
https://phongvu.vn/acer-aspire-5-a514-55-5954-nx-k5bsv-001--s220802884,laptop
https://phongvu.vn/laptop-lenovo-ideapad-3-15iau7-82rk001nvn--s220700823,laptop
https://phongvu.vn/lenovo-ideapad-5-15ial7-82sf006lvn--s220801877,laptop
https://phongvu.vn/msi-gaming-gf63-thin-11sc-665vn-i5-11400h--s221101658,laptop
https://phongvu.vn/asus-vivobook-15-x1502za-bq127w--s220500449,laptop
https://phongvu.vn/may-tinh-xach-tay-laptop-asus-tuf-dashfa506icb-hn355w-r5-4600h-den--s221000236,laptop
https://phongvu.vn/asus-rog-strix-gaming-g15-g513ih--s220102043,laptop
https://phongvu.vn/asus-zenbook-14-ux3402z--s220700060,laptop
https://phongvu.vn/hp-probook-450-g9-6m0z9pa--s220800857,laptop
https://phongvu.vn/laptop-hp-15s-fq5080tu-6k7a0pa--s220911323,laptop
https://phongvu.vn/hp-pavilion-14-dv2050tu-6k7g7pa--s220609877,laptop
https://phongvu.vn/laptop-hp-pavilion-15-eg2037tx-6k783pa--s220610038,laptop
https://phongvu.vn/may-tinh-xach-tay-laptop-hp-14s-dq5099tu-7c0p9pa-i5-1235u-bac--s221101494,laptop
https://phongvu.vn/acer-swift-3-sf314-511-55qe-nx-abnsv-003--s211101853,laptop
https://phongvu.vn/aspire-3-a315-58-54m5-nx-addsv-00m--s220500339,laptop
https://phongvu.vn/acer-nitro-5-eagle-an515-57-54mv-nh-qensv-003--s210901841,laptop
https://phongvu.vn/acer-nitro-an515-58-773y--s220102149,laptop
https://phongvu.vn/acer-aspire-7-a715-43g-r8ga-nh-qhdsv-002--s220700828,laptop
https://phongvu.vn/laptop-acer-aspire-3-a315-59-381e-nx-k6tsv-006--s220909328,laptop
https://phongvu.vn/acer-aspire-5-a515-57-52y2-nx-k3ksv-003--s220500382,laptop
https://phongvu.vn/lenovo-legion-5-15iah7-82rc0036vn--s221000524,laptop
https://phongvu.vn/hp-15s-fq2712tu--s221101761,laptop
https://phongvu.vn/hp-pavilion-14-dv2074tu--s221101771,laptop
https://phongvu.vn/laptop-hp-pavilion-15-eg2035tx-6k781pa--s220610036,laptop
https://phongvu.vn/laptop-lenovo-legion-5-15iah7h-82rb0047vn--s220806150,laptop
https://phongvu.vn/may-tinh-xach-tay-laptop-dell-vostro-3420-3420-71003348-i5-1235u-xam--s221200259,laptop
https://phongvu.vn/may-tinh-xach-tay-laptop-dell-vostro-15-3520-5m2tt2-i5-1235u-xam--s221201941,laptop
https://phongvu.vn/asus-vivobook-a1503za-l1421w--s220801586,laptop
https://phongvu.vn/may-tinh-xach-tay-laptop-asus-vivobook-m513ua-ej710w-amd-ryzen-7-5700u-bac--s230201273,laptop
https://phongvu.vn/asus-vivobook-x415ea-ek675w-i3-1115g4--s211108439,laptop
https://phongvu.vn/acer-aspire-7-a715-42g-r05g-nh-qaysv-007--s211104709,laptop
https://phongvu.vn/may-tinh-xach-tay-laptop-asus-vivobook-14-x1402za-ek098w-i3-1220p-bac--s230302073,laptop
https://phongvu.vn/asus-tuf-gaming-fx517zc-hn077w--s220303080,laptop
https://phongvu.vn/dell-inspiron-14-5420-n5420-i5u085w11slu--s220914495,laptop
https://phongvu.vn/may-tinh-xach-tay-laptop-asus-expertbook-b5302cea-l50916w-i5-1135g7-den--s230203676,laptop
https://phongvu.vn/laptop-dell-vostro-5620-p117f001agr-xam--s220400404,laptop
https://phongvu.vn/lenovo-ideapad-3-15iau7-82rk001qvn--s220700824,laptop
https://phongvu.vn/dell-inspiron-16-5620-n6i7110w1--s220920773,laptop
https://phongvu.vn/laptop-dell-vostro-5620-70282719--s220503340,laptop
https://phongvu.vn/dell-vostro-3510-p112f002bbl--s211200509,laptop
https://phongvu.vn/may-tinh-xach-tay-laptop-lenovo-ideapad-5-pro-14itl6-82l300mavn-i7-1195g7-xam--s230203708,laptop
https://phongvu.vn/dell-inspiron-15-3520-n3520-i5u085w11blu--s220914494,laptop
https://phongvu.vn/asus-zenbook-ux3402z-km219w--s220700611,laptop
https://phongvu.vn/dell-inspiron-15-3520-i5-70296960--s221001003,laptop
https://phongvu.vn/dell-inspiron-3520-n5i5122w1--s221003253,laptop
https://phongvu.vn/may-tinh-xach-tay-laptop-msi-modern-14-c11m-011vn-i3-1115g4-den--s230202487,laptop
https://phongvu.vn/macbook-air-2020-13-3-mgn63sa-a-m1-8gb-ssd-256gb--s201201617,laptop
https://phongvu.vn/asus-vivobook-a1503za-l1422w--s220503382,laptop
https://phongvu.vn/laptop-acer-swift-3-sf314-512-56qn-nx-k0fsv-002--s220800005,laptop
https://phongvu.vn/laptop-lenovo-legion-5-15arh7-82re002vvn--s220801891,laptop
https://phongvu.vn/dell-inspiron-5620-ins16-p1wkn--s220707587,laptop
https://phongvu.vn/hp-pavilion-15-eg2088tu-7c0r0pa--s221200064,laptop
https://phongvu.vn/laptop-dell-vostro-5620-70296963--s220920063,laptop
https://phongvu.vn/may-tinh-xach-tay-laptop-lenovo-ideapad-gaming-3-15ihu6-82k101hgvn-i5-11320h-den--s230105820,laptop
https://phongvu.vn/laptop-lenovo-legion-5-15iah7-82rc008lvn--s220902854,laptop
https://phongvu.vn/may-tinh-xach-tay-laptop-hp-victus-15-fa0108tx-7c0x0pa-i7-12700h-xanh--s221201383,laptop
https://phongvu.vn/laptop-hp-probook-440-g9-6m0x8pa--s220700504,laptop
https://phongvu.vn/laptop-hp-probook-450-g9-6m107pa--s220700505,laptop
https://phongvu.vn/may-tinh-xach-tay-laptop-hp-envy-x360-13-bf0094tu-76b14pa-i5-1230u-xanh--s221003820,laptop
https://phongvu.vn/may-tinh-xach-tay-laptop-hp-envy-x360-13-bf0097tu-76b17pa-i5-1230u-bac--s221003311,laptop
https://phongvu.vn/hp-pavilion-14-dv2071tu--s221101775,laptop
https://phongvu.vn/macbook-air-2020-13-3-mgnd3sa-a-m1-8gb-ssd-256gb--s201201616,laptop
https://phongvu.vn/asus-tuf-gaming-fx507zc-hn124w--s220302502,laptop
https://phongvu.vn/asus-tuf-gaming-fx507zm-hn123w--s220500088,laptop
https://phongvu.vn/laptop-gigabyte-u4-ud-50vn823so--s220800175,laptop
https://phongvu.vn/may-tinh-xach-tay-laptop-asus-tuf-dash-fx517zm-hn480w-i7-12650h-den--s221000228,laptop
https://phongvu.vn/hp-pavilion-14-dv2070tu--s221101769,laptop
https://phongvu.vn/acer-swift-3-sf314-43-r4x3-nx-ab1sv-004--s211012728,laptop
https://phongvu.vn/hp-probook-450-g9-6m0z5pa--s220706778,laptop
https://phongvu.vn/laptop-lenovo-ideapad-3-14iau7-82rj001bvn--s220914444,laptop
https://phongvu.vn/acer-nitro-an515-58-769j--s220919561,laptop
https://phongvu.vn/may-tinh-xach-tay-laptop-hp-envy-x360-13-bf0090tu-76b13pa-i7-1250u-xanh--s221003819,laptop
https://phongvu.vn/may-tinh-xach-tay-laptop-asus-vivobook-x1504va-nj069w-i3-1315u-bac--s230304295,laptop
https://phongvu.vn/asus-zenbook-ux3402z-km221w--s220700612,laptop
https://phongvu.vn/asus-tuf-gaming-fx706hc-hx579w--s220802805,laptop
https://phongvu.vn/may-tinh-xach-tay-laptop-asus-tuf-gaming-fx517ze-hn888w-i7-12650h-den--s221003827,laptop
https://phongvu.vn/hp-victus-16-e1106ax-7c0t1pa-amd-ryzen-5-6600h--s221101324,laptop
https://phongvu.vn/asus-zenbook-flip-14-up5401za-kn005w--s220500092,laptop
https://phongvu.vn/laptop-msi-gf66-12uck-804vn--s220920043,laptop
https://phongvu.vn/dell-inspiron-14-t7420-n4i5021w--s220920770,laptop
https://phongvu.vn/laptop-dell-vostro-16-5620-v6i5001w1--s220920774,laptop
https://phongvu.vn/may-tinh-xach-tay-laptop-hp-victus-16-d1187tx-7c0s4pa-i7-12700h-den--s221101326,laptop
https://phongvu.vn/may-tinh-xach-tay-laptop-asus-zenbook-14-oled-ux3402va-km203w-i5-1340p-bac--s230302708,laptop
https://phongvu.vn/dell-inspiron-15-5625-99vp91--s220500164,laptop
https://phongvu.vn/laptop-dell-vostro-13-5320-m32dh1--s220920520,laptop
https://phongvu.vn/may-tinh-xach-tay-laptop-lenovo-ideapad-5-14aba7-82se007dvn-amd-ryzen-5-5625u-xam--s221000467,laptop
https://phongvu.vn/may-tinh-xach-tay-laptop-hp-240-g9-6l1y2pa-i5-1235u-bac--s221100543,laptop
https://phongvu.vn/hp-pavilion-x360-14-ek0132tu-7c0w4pa--s221200061,laptop
https://phongvu.vn/laptop-msi-modern-15-b13m-297vn-i7-1355u-den--s230300146,laptop
https://phongvu.vn/laptop-msi-katana-15-b13vek-252vn-i7-13620h--s230300153,laptop
https://phongvu.vn/laptop-lenovo-ideapad-gaming-3-15iah7-82s90088vn--s220700825,laptop
https://phongvu.vn/acer-swift-3-sf314-44-r2u3-nx-k0wsv-001--s220909327,laptop
https://phongvu.vn/dell-inspiron-15-3520-n3520-i3u082w11blu--s220914493,laptop
https://phongvu.vn/may-tinh-xach-tay-laptop-hp-15s-fq5163tu-core-i5-1235u--s221101764,laptop
https://phongvu.vn/hp-pavilion-14-dv2073tu--s221101770,laptop
https://phongvu.vn/hp-pavilion-x360-14-ek0134tu-7c0p8pa--s221200060,laptop
https://phongvu.vn/may-tinh-xach-tay-laptop-msi-modern-15-a10m-667vn-i5-10210u-xam--s211005812,laptop
https://phongvu.vn/asus-tuf-gaming-fx506lhb-hn188w--s220400306,laptop
https://phongvu.vn/laptop-asus-rog-flow-x13-gv301rc-lj050w-den--s220402101,laptop
https://phongvu.vn/hp-probook-440-g9-6m0x3pa--s220700503,laptop
https://phongvu.vn/laptop-lenovo-ideapad-gaming-3-15iah7-82s9006yvn--s220801881,laptop
https://phongvu.vn/may-tinh-xach-tay-laptop-lenovo-legion-5-pro-16iah7h-82rf0046vn-i7-12700h-trang--s221000529,laptop
https://phongvu.vn/may-tinh-xach-tay-laptop-msi-modern-15-b12m-220vn-i5-1235u-den--s221100415,laptop
https://phongvu.vn/may-tinh-xach-tay-laptop-hp-15s-fq5160tu-core-i5-1235u--s221101762,laptop
https://phongvu.vn/may-tinh-xach-tay-laptop-hp-15s-fq5144tu-core-i7-1255u--s221101765,laptop
https://phongvu.vn/hp-pavilion-14-dv2069tu--s221101768,laptop
https://phongvu.vn/may-tinh-xach-tay-laptop-asus-vivobook-a1505va-l1201w-i9-13900h-bac--s230302706,laptop
https://phongvu.vn/asus-rog-strix-g15-g513rc-hn038w--s220300268,laptop
https://phongvu.vn/laptop-lenovo-ideapad-3-gaming-3-15iah7-82s90086vn--s220700047,laptop
https://phongvu.vn/asus-tuf-gaming-fx517ze-hn045w--s220700465,laptop
https://phongvu.vn/laptop-hp-probook-450-g9-6m0y9pa--s220800855,laptop
https://phongvu.vn/asus-vivobook-pro-15-oled-m6500qc-ma005w--s220909104,laptop
https://phongvu.vn/may-tinh-xach-tay-laptop-asus-expertbook-b1400cba-eb0641w-i5-1235u-den--s221201472,laptop
https://phongvu.vn/may-tinh-xach-tay-laptop-asus-vivobook-a1505va-l1114w-i5-13500h-den--s230304293,laptop
https://phongvu.vn/laptop-msi-thin-gf65-10ue-286vn--s210600076,laptop
https://phongvu.vn/dell-inspiron-16-5620-n5620-i5p165w11slu--s220914496,laptop
https://phongvu.vn/gigabyte-g5-ge-51vn213sh--s221100834,laptop
https://phongvu.vn/may-tinh-xach-tay-laptop-dell-vostro-15-3520-5m2tt3-i7-1255u-xam--s221201942,laptop
https://phongvu.vn/may-tinh-xach-tay-laptop-asus-zenbook-14-flip-oled-up3404va-kn038w-i5-1340p-xanh--s230400579,laptop
https://phongvu.vn/may-tinh-xach-tay-laptop-lenovo-yoga-slim-7-carbon-14acn6-82l0005bvn-amd-ryzen-7-5800u-xam--s220202590,laptop
https://phongvu.vn/asus-vivobook-pro-m3401qa-km025w--s220202624,laptop
https://phongvu.vn/asus-vivobook-a1403za-km161w--s220503381,laptop
https://phongvu.vn/laptop-lenovo-ideapad-3-14aba7-82rm003uvn--s220700044,laptop
https://phongvu.vn/laptop-hp-15s-fq5145tu-76b24pa--s220911370,laptop
https://phongvu.vn/dell-gaming-g15-5515-r5h085w11gr3050--s221100290,laptop
https://phongvu.vn/may-tinh-xach-tay-laptop-hp-15s-fq5161tu-core-i5-1235u--s221101763,laptop
https://phongvu.vn/may-tinh-xach-tay-laptop-dell-inspiron-15-3520-3520-71003264-i3-1215u-bac--s221200260,laptop
https://phongvu.vn/may-tinh-xach-tay-laptop-lenovo-ideapad-1-15amn7-82vg0022vn-amd-ryzen-5-7520u-xam--s221201114,laptop
https://phongvu.vn/may-tinh-xach-tay-laptop-msi-gf63-thin-11uc-1228vn-i7-11800h-den--s221201235,laptop
https://phongvu.vn/may-tinh-xach-tay-laptop-msi-gf63-thin-11uc-1230vn-i5-11400h-den--s221201236,laptop
https://phongvu.vn/hp-victus-16-d1185tx-7c0s3pa--s221202089,laptop
https://phongvu.vn/laptop-msi-alpha-15-b5eek-205vn-den--s220500084,laptop
https://phongvu.vn/laptop-lenovo-yoga-9-14iap7-82lu006dvn--s220600587,laptop
https://phongvu.vn/laptop-lenovo-yoga-7-14acn6-82n7002mvn--s220605622,laptop
https://phongvu.vn/hp-15s-fq5079tu-6k799pa--s220609874,laptop
https://phongvu.vn/laptop-hp-pavilion-14-dv2034tu-6k770pa--s220609880,laptop
https://phongvu.vn/laptop-lg-gram-17z90q-g-ah78a5--s220707621,laptop
https://phongvu.vn/asus-tuf-gaming-fx507ze-hn093w--s220800834,laptop
https://phongvu.vn/laptop-hp-elitebook-630-g9-6m146pa--s220800854,laptop
https://phongvu.vn/asus-vivobook-a1403za-ly072w--s220801577,laptop
https://phongvu.vn/asus-vivobook-a1403za-km067w--s220801587,laptop
https://phongvu.vn/macbook-pro-13-inch-z16s00034--s220802321,laptop
https://phongvu.vn/laptop-dell-vostro-5620--s220920523,laptop
https://phongvu.vn/may-tinh-xach-tay-laptop-acer-swift-3-sf314-512-741l-nx-k7jsv-001-i7-1260p-vang--s221003815,laptop
https://phongvu.vn/hp-victus-16-e1105ax-7c0t0pa-amd-ryzen-5-6600h--s221101323,laptop
https://phongvu.vn/hp-pavilion-15-eg2083tu-7c0w9pa--s221101881,laptop
https://phongvu.vn/may-tinh-xach-tay-laptop-hp-probook-440-g9-81h20pa-i5-1235u-bac--s230302705,laptop
https://phongvu.vn/may-tinh-xach-tay-laptop-msi-cyborg-15-a12vf-267vn-i7-12650h-den--s230400576,laptop
https://phongvu.vn/laptop-msi-crosshair-15-b12uez-460vn--s220303102,laptop
https://phongvu.vn/laptop-gigabyte-g5-kd-52vn123so-den--s220304759,laptop
https://phongvu.vn/laptop-acer-predator-helios-300-ph315-55-76kg-nh-qgpsv-001den--s220401543,laptop
https://phongvu.vn/laptop-hp-pavilion-15-eg2034tx-6k780pa--s220610034,laptop
https://phongvu.vn/macbook-air-m2-mly33sa-a--s220700051,laptop
https://phongvu.vn/asus-vivobook-x1402z--s220700062,laptop
https://phongvu.vn/dell-inspiron-5620-5620-n6i5003w1--s220700456,laptop
https://phongvu.vn/laptop-lenovo-ideapad-gaming-3-15iah7-82s9007uvn--s220801882,laptop
https://phongvu.vn/lenovo-ideapad-5-pro-16arh7-82sn003mvn--s220801884,laptop
https://phongvu.vn/laptop-hp-elitebook-640-g9-6m154pa--s220802102,laptop
https://phongvu.vn/may-tinh-xach-tay-laptop-hp-victus-15-fa0110tx-7c0r3pa-i7-12700h-den--s221101327,laptop
https://phongvu.vn/hp-pavilion-15-eg2081tu-7c0q4pa--s221200070,laptop
https://phongvu.vn/may-tinh-xach-tay-laptop-lenovo-yoga-6-13alc7-82ud000tvn-amd-ryzen-5-5500u-xanh--s221201113,laptop
https://phongvu.vn/msi-modern-14-c13m-458vn-i5-1335u-den--s230300147,laptop
https://phongvu.vn/may-tinh-xach-tay-laptop-gigabyte-g5-ge-51vn263sh-i5-12500h-den--s230300538,laptop
https://phongvu.vn/may-tinh-xach-tay-laptop-acer-swift-x-sfx16-51g-516q-nx-ayksv-002-i5-11320h-xam--s211200935,laptop
https://phongvu.vn/may-tinh-xach-tay-laptop-lenovo-ideapad-yoga-6-13alc6-82nd00bdvn-amd-ryzen-7-5700u-xanh--s211201605,laptop
https://phongvu.vn/asus-rog-strix-scar-g533zm-ln013w--s220200334,laptop
https://phongvu.vn/asus-tuf-gaming-fa507rr-hn835w--s220401036,laptop
https://phongvu.vn/asus-rog-zephyrus-g14-ga401qc-k2199w--s220500091,laptop
https://phongvu.vn/asus-vivobook-pro-n7600z--s220700064,laptop
https://phongvu.vn/laptop-hp-probook-450-g9-6m0z8pa--s220800856,laptop
https://phongvu.vn/laptop-hp-240-g9-6l1y1pa--s220800860,laptop
https://phongvu.vn/asus-zenbook-um5302ta-lx087w--s220801589,laptop
https://phongvu.vn/macbook-air-13-6-inch-z15s00092--s220806187,laptop
https://phongvu.vn/macbook-pro-13-3-inch-z16u00034--s220910425,laptop
https://phongvu.vn/dell-inspiron-14-5420-70295791--s220920064,laptop
https://phongvu.vn/laptop-dell-vostro-13-5320-v3i7005w--s220920772,laptop
https://phongvu.vn/hp-pavilion-14-dv2077tu--s221101774,laptop
https://phongvu.vn/hp-pavilion-14-dv2072tu--s221101776,laptop
https://phongvu.vn/hp-pavilion-x360-14-ek0133tu-7c0p7pa--s221200059,laptop
https://phongvu.vn/hp-pavilion-15-eg2063tx-7c0q2pa--s221200068,laptop
https://phongvu.vn/may-tinh-xach-tay-laptop-dell-inspiron-16-5620-5620-71003903-i5-1235u-bac--s221200262,laptop
https://phongvu.vn/hp-spectre-x360-14-ef0030tu-6k773pa--s221201984,laptop
https://phongvu.vn/may-tinh-xach-tay-laptop-asus-gaming-tuf-fx507vv4-lp382w-i9-13900h-xam--s230304291,laptop
https://phongvu.vn/may-tinh-xach-tay-laptop-asus-vivobook-x1504va-nj025w-i5-1335u-bac--s230304296,laptop
https://phongvu.vn/may-tinh-xach-tay-laptop-asus-vivobook-s-14-flip-tp3402va-lz118w-i9-13900h-bac--s230304303,laptop
https://phongvu.vn/acer-nitro-5-an515-45-r86d-nh-qbcsv-005--s211013133,laptop
https://phongvu.vn/acer-aspire-7-a715-42g-r4xx-nh-qaysv-008--s211104710,laptop
https://phongvu.vn/acer-nitro-5-an515-57-5669-nh-qehsv-001--s211112847,laptop
https://phongvu.vn/asus-vivobook-x415ea-eb640w--s211200511,laptop
https://phongvu.vn/laptop-hp-omen-16-b0177tx-5z9q8pa-den--s220303780,laptop
https://phongvu.vn/asus-zenbook-um3402ya-km074w--s220401038,laptop
https://phongvu.vn/asus-rog-strix-g17-g713rm-ll016w--s220503386,laptop
https://phongvu.vn/laptop-lenovo-yoga-7-14acn6-82n7008vvn--s220605621,laptop
https://phongvu.vn/laptop-hp-pavilion-15-eg2059tu-6k789pa-i5-1240p-bac--s220610032,laptop
https://phongvu.vn/laptop-hp-pavilion-15-eg2055tu-6k785pa--s220610035,laptop
https://phongvu.vn/macbook-pro-m2-mnej3sa-a--s220700058,laptop
https://phongvu.vn/macbook-pro-m2-mneq3sa-a--s220700059,laptop
https://phongvu.vn/asus-zenbook-ux5401z--s220700061,laptop
https://phongvu.vn/laptop-hp-probook-440-g9-6m0v7pa--s220700501,laptop
https://phongvu.vn/hp-pavilion-15-eg2062tu-6k790pa--s220706753,laptop
https://phongvu.vn/laptop-lg-gram-16z90q-g-ah54a5--s220707619,laptop
https://phongvu.vn/laptop-hp-elitebook-630-g9-6m142pa--s220800851,laptop
https://phongvu.vn/laptop-hp-240-g9-6l1y5pa--s220800858,laptop
https://phongvu.vn/laptop-lenovo-ideapad-3-15iau7-82rk005kvn--s220801874,laptop
https://phongvu.vn/laptop-lenovo-ideapad-5-pro-16arh7-82sn003jvn--s220801885,laptop
https://phongvu.vn/laptop-lenovo-legion-5-15iah7h-82rb0048vn--s220802511,laptop
https://phongvu.vn/laptop-lenovo-ideapad-3-15aba7-82rn006yvn--s220914443,laptop
https://phongvu.vn/may-tinh-xach-tay-laptop-lenovo-yoga-slim-7-carbon-13iap7-82u90043vn-i7-1260p-xam--s221000520,laptop
https://phongvu.vn/hp-victus-15-fa0115tx-7c0x1pa-i5-12500h-den--s221101328,laptop
https://phongvu.vn/hp-victus-15-fa0111tx-7c0r4pa-i5-12500h-xanh--s221101330,laptop
https://phongvu.vn/may-tinh-xach-tay-laptop-hp-14s-dq5102tu-7c0q1pa-i7-1255u-bac--s221101495,laptop
https://phongvu.vn/hp-pavilion-14-dv2076tu--s221101773,laptop
https://phongvu.vn/hp-victus-16-d1191tx-7c0s5pa--s221200056,laptop
https://phongvu.vn/hp-pavilion-x360-14-ek0135tu-7c0w5pa--s221200058,laptop
https://phongvu.vn/hp-pavilion-15-eg2086tu-7c0q8pa--s221200073,laptop
https://phongvu.vn/may-tinh-xach-tay-laptop-hp-envy-x360-13-bf0092tu-76v59pa-i7-1250u-xanh--s221201226,laptop
https://phongvu.vn/asus-vivobook-pro-16-k6602zc-mx079w--s230100262,laptop
https://phongvu.vn/may-tinh-xach-tay-laptop-acer-swift-edge-sfa16-41-r9wb-nx-kd7sv-001-amd-ryzen-7-6850u-trang--s230202029,laptop
https://phongvu.vn/may-tinh-xach-tay-laptop-asus-gaming-rog-g614ju-n3777w-i7-13650hx-xam--s230304288,laptop
https://phongvu.vn/may-tinh-xach-tay-laptop-asus-gaming-rog-g614ji-n4084w-i7-13650hx-xam--s230304289,laptop
https://phongvu.vn/asus-zenbook-ux3402va-km085w-i5--s230304299,laptop
https://phongvu.vn/may-tinh-xach-tay-laptop-asus-zenbook-14-flip-oled-up3404va-kn039w-i7-1360p-xanh--s230400580,laptop
https://phongvu.vn/laptop-lg-gram-17z90r-g-ah78a5-i7-1360p-den--s230401856,laptop
https://phongvu.vn/may-tinh-xach-tay-laptop-dell-inspiron-14-5430-n5430-i5p165w11sld2-i5-1340p-bac--s230402247,laptop
https://phongvu.vn/may-tinh-xach-tay-laptop-dell-inspiron-14-7430-t7430-i7u165w11slu-i7-1355u-bac--s230402249,laptop
https://phongvu.vn/acer-swift-3-sf315-52-38yq-nx-gzbsv-003--s1808444,laptop
https://phongvu.vn/acer-swift-3-sf313-53-503a-nx-a4jsv-002--s201100387,laptop
https://phongvu.vn/macbook-pro-2020-13-3-inch-mydc2sa-a--s201201623,laptop
https://phongvu.vn/macbook-pro-2020-13-3-myd92sa-a-m1-8gb-ssd512gb--s201201624,laptop
https://phongvu.vn/laptop-lg-gram-2021-16z90p-g-ah73a5-bac--s210500989,laptop
https://phongvu.vn/dell-latitude-3420-i3-1115g4--s210701155,laptop
https://phongvu.vn/may-tinh-xach-tay-laptop-acer-travelmate-p2-tmp214-53-5571-nx-vpnsv-01v-i5-1135g7-den--s211006749,laptop
https://phongvu.vn/asus-zenbook-ux363ea-hp532t--s211106057,laptop
https://phongvu.vn/asus-vivobook-a515ea-l12033w-i5-1135g7--s211108415,laptop
https://phongvu.vn/asus-vivobook-pro-m3401qa-km006w--s211208142,laptop
https://phongvu.vn/asus-expertbook-b9400cea-kc1013w--s211210636,laptop
https://phongvu.vn/laptop-msi-modern-14-b11mou-1033vn--s220300267,laptop
https://phongvu.vn/hp-omen-16-b0178tx-5z9q9pa--s220302883,laptop
https://phongvu.vn/lenovo-ideapad-5-pro-14itl6-82l300ksvn--s220304090,laptop
https://phongvu.vn/laptop-acer-predator-triton-500-se-pt516-nh-qfqsv-001xam--s220401032,laptop
https://phongvu.vn/asus-tuf-gaming-fa507rm-hn018w--s220401035,laptop
https://phongvu.vn/lenovo-ideapad-slim-5-14itl05-82fe016pvn--s220500080,laptop
https://phongvu.vn/laptop-huawei-matebook-d15-bod-wdh9--s220500797,laptop
https://phongvu.vn/laptop-huawei-matebook-14-klvd-wdh9--s220500799,laptop
https://phongvu.vn/asus-rog-zephyrus-g14-ga402rj--s220503341,laptop
https://phongvu.vn/asus-rog-strix-g15-g513rm-hq055w--s220605442,laptop
https://phongvu.vn/hp-pavilion-14-dv2051tu-6k7g8pa--s220609878,laptop
https://phongvu.vn/laptop-hp-pavilion-14-dv2033tu-6k769pa--s220609879,laptop
https://phongvu.vn/laptop-hp-pavilion-15-eg2036tx-6k782pa--s220610037,laptop
https://phongvu.vn/laptop-hp-pavilion-15-eg2038tx-6k784pa--s220610039,laptop
https://phongvu.vn/laptop-hp-pavilion-15-eg2058tu-6k788pa--s220610041,laptop
https://phongvu.vn/laptop-dell-inspiron-3425-v4r35425u100w1--s220700459,laptop
https://phongvu.vn/asus-zenbook-ux3402z-km220w--s220700613,laptop
https://phongvu.vn/laptop-lg-gram-16zd90q-g-ax55a5--s220707618,laptop
https://phongvu.vn/laptop-lg-gram-17zd90q-g-ax73a5--s220707620,laptop
https://phongvu.vn/laptop-huawei-matebook-nbd-wdi9-d14--s220800194,laptop
https://phongvu.vn/laptop-hp-elitebook-630-g9-6m145pa--s220800853,laptop
https://phongvu.vn/laptop-hp-240-g9-6l1y4pa--s220800859,laptop
https://phongvu.vn/laptop-lenovo-ideapad-3-15iau7-82rk001lvn--s220801876,laptop
https://phongvu.vn/laptop-lenovo-ideapad-5-pro-16arh7-82sn003lvn--s220801883,laptop
https://phongvu.vn/laptop-lenovo-ideapad-gaming-3-15arh7-82sb0078vn--s220801887,laptop
https://phongvu.vn/laptop-lenovo-ideapad-gaming-3-15arh7-82sb007jvn--s220801888,laptop
https://phongvu.vn/laptop-lenovo-ideapad-gaming-3-15arh7-82sb007kvn--s220801889,laptop
https://phongvu.vn/laptop-lenovo-ideapad-gaming-3-15arh7-82sb007hvn--s220801890,laptop
https://phongvu.vn/laptop-lenovo-legion-5-15arh7-82re0035vn--s220801892,laptop
https://phongvu.vn/laptop-lg-gram-14zd90q-g-ax31a5--s220805953,laptop
https://phongvu.vn/laptop-lenovo-ideapad-gaming-3-15iah7-82s900v3vn-i5-12500h-trang--s220806149,laptop
https://phongvu.vn/asus-vivobook-x1502za-ej129w--s220902259,laptop
https://phongvu.vn/laptop-lenovo-legion-5-pro-16arh7h-82rg008svn--s220909347,laptop
https://phongvu.vn/may-tinh-xach-tay-laptop-hp-probook-440-g9-6m0x7pa-i7-1255u-bac--s220919449,laptop
https://phongvu.vn/may-tinh-xach-tay-laptop-hp-probook-450-g9-6m103pa-i7-1260p-bac--s220919450,laptop
https://phongvu.vn/dell-inspiron-14-5420-dgdcg1--s220920519,laptop
https://phongvu.vn/laptop-dell-xps-13-plus-9320-5cg56--s220920521,laptop
https://phongvu.vn/may-tinh-xach-tay-laptop-gigabyte-g5-me-51vn263sh-i5-12500h-den--s221002062,laptop
https://phongvu.vn/may-tinh-xach-tay-laptop-acer-aspire-3-a315-59-51x8-nx-k6tsv-00f-i5-1235u-bac--s221003814,laptop
https://phongvu.vn/may-tinh-xach-tay-laptop-hp-probook-450-g9-6m0y8pa-i5-1235u-bac--s221100545,laptop
https://phongvu.vn/may-tinh-xach-tay-laptop-hp-victus-16-e1102ax-7c139pa-amd-ryzen-7-6800h-xanh--s221101329,laptop
https://phongvu.vn/may-tinh-xach-tay-laptop-hp-15s-fq5159tu-core-i7-1255u--s221101766,laptop
https://phongvu.vn/hp-15s-fq5146tu--s221101767,laptop
https://phongvu.vn/hp-pavilion-15-eg2082tu-7c0q5pa--s221101880,laptop
https://phongvu.vn/hp-victus-16-d1193tx-7c138pa--s221200055,laptop
https://phongvu.vn/may-tinh-xach-tay-laptop-hp-victus-16-e1104ax-7c0s9pa-ryzen7-6800h-den--s221200057,laptop
https://phongvu.vn/hp-pavilion-15-eg2089tu-7c0r1pa--s221200065,laptop
https://phongvu.vn/hp-pavilion-15-eg2062tx-7c0w7pa--s221200066,laptop
https://phongvu.vn/hp-pavilion-15-eg2064tx-7c0w8pa--s221200067,laptop
https://phongvu.vn/hp-pavilion-15-eg2065tx-7c0q3pa--s221200069,laptop
https://phongvu.vn/hp-pavilion-15-eg2085tu-7c0q7pa--s221200072,laptop
https://phongvu.vn/hp-pavilion-15-eg2087tu-7c0q9pa--s221200074,laptop
https://phongvu.vn/may-tinh-xach-tay-laptop-hp-elitebook-830-g9-6z973pa-i7-1255u-bac--s221200154,laptop
https://phongvu.vn/may-tinh-xach-tay-laptop-hp-240-g9-6l1x0pa-i3-1215u-bac--s221200159,laptop
https://phongvu.vn/hp-240-g9-6l273pa-i5-1240p--s221200160,laptop
https://phongvu.vn/may-tinh-xach-tay-laptop-hp-envy-x360-13-bf0114tu-7c0p0pa-i5-1230u-bac--s221201225,laptop
https://phongvu.vn/may-tinh-xach-tay-laptop-asus-expertbook-flip-b5302fba-lg0081w-i5-1235u-den--s221201475,laptop
https://phongvu.vn/asus-expertbook-b5-b5302cba-eg0084w--s221201476,laptop
https://phongvu.vn/may-tinh-xach-tay-laptop-asus-vivobook-pro-16x-oled-n7601zm-mx196w-i7-12700h-bac--s230100263,laptop
https://phongvu.vn/may-tinh-xach-tay-laptop-acer-predator-helios-16-ph16-71-94n1-nh-qjssv-002-i9-13900hx-den--s230201952,laptop
https://phongvu.vn/may-tinh-xach-tay-laptop-acer-swift-3-sf314-71-74wd-nx-kawsv-001-i7-12700h-vang--s230202001,laptop
https://phongvu.vn/may-tinh-xach-tay-laptop-acer-swft-edge-sfa16-41-r3l6-nx-kabsv-002-amd-ryzen-7-6800h-trang--s230202030,laptop
https://phongvu.vn/may-tinh-xach-tay-laptop-asus-vivobook-s-14-flip-tp3402va-lz031w-i5-13500h-bac--s230302707,laptop
https://phongvu.vn/may-tinh-xach-tay-laptop-asus-vivobook-a1405va-km095w-i5-13500h-bac--s230304294,laptop
https://phongvu.vn/may-tinh-xach-tay-laptop-msi-cyborg-15-a12ucx-281vn-i5-12450h-den--s230400575,laptop
https://phongvu.vn/may-tinh-xach-tay-laptop-msi-modern-14-c13m-607vn-i7-1355u-den--s230400581,laptop
https://phongvu.vn/may-tinh-xach-tay-laptop-msi-modern-15-b13m-438vn-i5-1335u-den--s230400582,laptop
https://phongvu.vn/may-tinh-xach-tay-laptop-asus-vivobook-x1404va-nk125w-i5-1335u-bac--s230400587,laptop
https://phongvu.vn/may-tinh-xach-tay-laptop-asus-tuf-gaming-a15-fa507nu-lp034w-amd-ryzen-7-7735hs-xam--s230401841,laptop
https://phongvu.vn/may-tinh-xach-tay-laptop-msi-katana-gf66-12udk-814vn-i7-12650h-den--s230401842,laptop
https://phongvu.vn/may-tinh-xach-tay-laptop-asus-vivobook-s3405va-km072w-i5-13500h-den--s230401844,laptop
https://phongvu.vn/may-tinh-xach-tay-laptop-asus-vivobook-s3405va-km071w-i9-13900h-den--s230401845,laptop
https://phongvu.vn/may-tinh-xach-tay-laptop-asus-zenbook-14-oled-ux3402va-km068w-i7-1360p-xanh--s230401847,laptop
https://phongvu.vn/may-tinh-xach-tay-laptop-dell-gaming-g15-5530-i7h165w11gr4050-i7-13650hx-xam--s230402238,laptop
https://phongvu.vn/may-tinh-xach-tay-laptop-dell-vostro-5630-v5630-i5p085w11gru-i5-1340p-xam--s230402248,laptop
https://phongvu.vn/may-tinh-xach-tay-laptop-msi-modern-14-c13m-609vn-i5-1335u-bac--s230402254,laptop
https://phongvu.vn/may-tinh-xach-tay-laptop-lenovo-lenovo-yoga-slim-7-pro-14ihu5-o-82nh00bdvn-i5-11320h-bac--s221002908,laptop
https://phongvu.vn/may-tinh-xach-tay-laptop-asus-vivobook-14x-m1403qa-ly024w-amd-ryzen-7-5800h-bac--s230201528,laptop
https://phongvu.vn/hp-pavilion-14-dv2035tu-6k771pa--s220609881,laptop
https://phongvu.vn/may-tinh-xach-tay-laptop-lenovo-ideapad-5-pro-16arh7-82sn00afvn-amd-ryzen-7-6800hs-xam--s221000465,laptop
https://phongvu.vn/dell-inspiron-7420-ins14-1yt85--s220707588,laptop
https://phongvu.vn/dell-vostro-3510-i7-1165g7--s211205935,laptop
https://phongvu.vn/acer-swift-3-sf314-43-r52k--s220102317,laptop
https://phongvu.vn/laptop-dell-latitude-3520-3520-70251603--s210601910,laptop
https://phongvu.vn/macbook-pro-13-inch-z16r0003v--s220800061,laptop
https://phongvu.vn/macbook-pro-13-inch-z16t0003v--s220802320,laptop
https://phongvu.vn/dell-inspiron-16-5620-n6i7004w1--s220920771,laptop
https://phongvu.vn/may-tinh-xach-tay-laptop-dell-gaming-g15-5520-71000334-i7-12700h-xam--s221100991,laptop
https://phongvu.vn/may-tinh-xach-tay-laptop-dell-inspiron-15-3520-3520-71003262-i7-1255u-den--s221200261,laptop
https://phongvu.vn/laptop-hp-probook-430-g8-614k8pa--s220300345,laptop
https://phongvu.vn/laptop-msi-modern-15-a11m-1024vn--s220301275,laptop
https://phongvu.vn/asus-tuf-gaming-fx706hc-hx105w--s220400071,laptop
https://phongvu.vn/may-tinh-xach-tay-laptop-lenovo-ideapad-5-pro-16arh7-82sn00b0vn-amd-ryzen-7-6800hs-xam--s230105667,laptop
https://phongvu.vn/laptop-lg-gram-14-2023-14zd90r-g-ax52a5-i5-1340p-den--s230401849,laptop
https://phongvu.vn/laptop-hp-14s-fq1080au--s210602019,laptop
https://phongvu.vn/asus-vivobook-pro-14x-oled-m7400qc-km013w--s211202686,laptop
https://phongvu.vn/may-tinh-xach-tay-laptop-hp-victus-16-e0177ax-4r0u9pa-amd-ryzen-5-5600h-den--s220202048,laptop
https://phongvu.vn/macbook-air-m2-mlxw3sa-a--s220700048,laptop
https://phongvu.vn/macbook-pro-m2-mnep3sa-a--s220700057,laptop
https://phongvu.vn/laptop-lg-gram-14zd90q-g-ax56a5--s220707617,laptop
https://phongvu.vn/laptop-hp-elitebook-630-g9-6m143pa--s220800852,laptop
https://phongvu.vn/laptop-hp-elitebook-640-g9-6m156pa--s220802103,laptop
https://phongvu.vn/laptop-hp-elitebook-640-g9-6m158pa--s220802104,laptop
https://phongvu.vn/acer-nitro-5-an515-58-79uj-nh-qhysv-001--s220802885,laptop
https://phongvu.vn/macbook-air-13-6-inch-z16000051--s220806190,laptop
https://phongvu.vn/laptop-lenovo-legion-5-pro-16iah7h-82rf0043vn--s220909346,laptop
https://phongvu.vn/may-tinh-xach-tay-laptop-asus-g713rw-ll178w-amd-ryzen-9-6900hx-xam--s221000230,laptop
https://phongvu.vn/may-tinh-xach-tay-laptop-lenovo-yoga-slim-7-carbon-13iap7-82u90044vn-i5-1240p-xam--s221000519,laptop
https://phongvu.vn/may-tinh-xach-tay-laptop-lenovo-yoga-slim-7-prox-14arh7-82tl001avn-amd-ryzen-7-6800hs-xam--s221000521,laptop
https://phongvu.vn/asus-vivobook-16x-m1603qa-mb123w--s221000565,laptop
https://phongvu.vn/dell-inspiron-15-3520-i7-70298438--s221001004,laptop
https://phongvu.vn/may-tinh-xach-tay-laptop-lenovo-thinkbook-14-g4-iap-21cx001qvn-i5-12500h-xam--s221002786,laptop
https://phongvu.vn/may-tinh-xach-tay-laptop-asus-zenbook-17-fold-oled-ux9702aa-md014w-i7-1250u-den--s221201477,laptop
https://phongvu.vn/may-tinh-xach-tay-laptop-hp-240-g9-6l1x7pa-i3-1215u-bac--s230100438,laptop
https://phongvu.vn/may-tinh-xach-tay-laptop-acer-predator-helios-18-ph18-71-94sj-nh-qkrsv-002-i9-13900hx-den--s230201953,laptop
https://phongvu.vn/may-tinh-xach-tay-laptop-asus-tuf-gaming-f15-fx507zu4-lp520w-i7-12700-xam--s230300148,laptop
https://phongvu.vn/may-tinh-xach-tay-laptop-hp-probook-450-g9-6m0y4pa-i3-1215u-bac--s230300158,laptop
https://phongvu.vn/may-tinh-xach-tay-laptop-asus-gaming-rog-gu604vi-nm779w-i9-13900h-den--s230304290,laptop
https://phongvu.vn/may-tinh-xach-tay-laptop-asus-vivobook-pro-16-oled-k6602vv-mx077w-i9-13900h-bac--s230304302,laptop
https://phongvu.vn/may-tinh-xach-tay-laptop-asus-vivobook-pro-14-oled-k3405vc-km006w-i5-13500h-bac--s230401848,laptop
https://phongvu.vn/may-tinh-xach-tay-laptop-macbook-pro-14-2023-m2-pro-10-cpu-16-gpu-32gb-512gb-xam-z17g--s230402558,laptop
https://phongvu.vn/dell-inspiron-13-5379-c3ti7501w--s1704813,laptop
https://phongvu.vn/may-tinh-xach-tay-laptop-dell-vostro-3578-v3578a-den--s1805409,laptop
https://phongvu.vn/may-tinh-xach-tay-laptop-lenovo-ideapad-330-15ikbr-81de010cvn-i3-7020u-den--s1808260,laptop
https://phongvu.vn/macbook-13-3-mr9u2--s1808314,laptop
https://phongvu.vn/macbook-13-3-mr9r2--s1808315,laptop
https://phongvu.vn/macbook-air-2018-mre82--s18110453,laptop
https://phongvu.vn/macbook-air-2018-mrea2--s18110454,laptop
https://phongvu.vn/may-tinh-xach-tay-laptop-asus-s530fn-bq141t-i7-8565u-vang--s19030351,laptop
https://phongvu.vn/may-tinh-xach-tay-laptop-asus-a510un-ej466t-i5-8250u-xam--s19040039,laptop
https://phongvu.vn/may-tinh-xach-tay-laptop-avita-liber-u13-70181499-ns13a2vn027p-i5-8250u-paisley-on-lilac--s19040066,laptop
https://phongvu.vn/may-tinh-xach-tay-laptop-asus-vivobook-a412fa-ek153t-i5-8265u-bac--s19060177,laptop
https://phongvu.vn/macbook-air-2019-mvfn2saa--s190800126,laptop
https://phongvu.vn/may-tinh-xach-tay-laptop-hp-pavilion-15cs3063tx-8rk42pa-i71065g7-vang--s191101255,laptop
https://phongvu.vn/may-tinh-xach-tay-laptop-lenovo-thinkbook-14iml20rv00b6vn-i310110u-xam--s191201279,laptop
https://phongvu.vn/macbook-pro-2019-16-mvvl2saa--s200400014,laptop
https://phongvu.vn/macbook-air-2020-mwtj2saa-i3256gb--s200500597,laptop
https://phongvu.vn/macbook-air-2020-mvh42saa-i5512gb--s200500598,laptop
https://phongvu.vn/may-tinh-xach-tay-laptop-hp-14s-dk1055au-171k9pa-amd-ryzen-3-3250u-bac--s200700385,laptop
https://phongvu.vn/dell-inspiron-15-7501-7501-x3mry1--s201000480,laptop
https://phongvu.vn/acer-swift-5-sf514-55t-51nz-nx-hx9sv--s201100334,laptop
https://phongvu.vn/laptop-dell-vostro-14-3405-3405-v4r53500u003w--s201104873,laptop
https://phongvu.vn/macbook-pro-2020-13-3-myda2sa-a-m1-8gb-ssd-256gb--s201201621,laptop
https://phongvu.vn/macbook-pro-2020-13-3-myd82sa-a-m1-8gb-ssd-256gb--s201201622,laptop
https://phongvu.vn/asus-vivobook-s433ea-am439t--s210100403,laptop
https://phongvu.vn/may-tinh-xach-tay-laptop-hp-probook-450-g8-2h0u4pa-i3-1115g4-bac--s210104774,laptop
https://phongvu.vn/may-tinh-xach-tay-laptop-dell-vostro-14-3400-3400-70234073--s210202032,laptop
https://phongvu.vn/may-tinh-xach-tay-laptop-acer-aspire-7-a715-42g-r4st-nh-qaysv-004-amd-ryzen-5-5500h-den--s210300340,laptop
https://phongvu.vn/may-tinh-xach-tay-laptop-msi-thin-gf63-10sc-020vn-i7-10750h-den--s210300884,laptop
https://phongvu.vn/may-tinh-xach-tay-laptop-hp-pavilion-15-eg0003tx-2d9c5pa-i5-1135g7-vang--s210300939,laptop
https://phongvu.vn/laptop-acer-aspire-3-a315-56-502x-nx-hs5sv-00f--s210302327,laptop
https://phongvu.vn/acer-nitro-5-an515-45-r9sc-nh-qbrsv-001--s210400696,laptop
https://phongvu.vn/macbook-air-2020-13-3-z127000de-m1-16gb-ssd-256gb--s210400892,laptop
https://phongvu.vn/may-tinh-xach-tay-laptop-hp-probook-440-g8-342h3pa-i5-1135g7-bac--s210501398,laptop
https://phongvu.vn/asus-vivobook-flip-tp470ea-ec027t--s210502241,laptop
https://phongvu.vn/asus-vivobook-s533ea-bn293t--s210601940,laptop
https://phongvu.vn/may-tinh-xach-tay-laptop-gigabyte-g5-kc-5s11130sh-i5-10500h-den--s210700019,laptop
https://phongvu.vn/may-tinh-xach-tay-laptop-macbook-pro-2020-13-3-myd92sa-a-m1-8gb-ssd512gb-xam-hang-trung-bay--s210700324,laptop
https://phongvu.vn/laptop-hp-pavilion-15-eg0509tu-46m08pa-vang--s210701363,laptop
https://phongvu.vn/asus-zenbook-ux325ea-kg363t--s210701593,laptop
https://phongvu.vn/asus-vivobook-x515ea-bq1006t--s210701594,laptop
https://phongvu.vn/may-tinh-xach-tay-laptop-msi-modern-15-a11mu-678vn-i5-1155g7-bac--s210801186,laptop
https://phongvu.vn/asus-vivobook-d515da-ej845t-amd--s210900183,laptop
https://phongvu.vn/may-tinh-xach-tay-laptop-asus-tuf-gaming-fx506hcb-hn139t-i5-11400h-xam--s210900191,laptop
https://phongvu.vn/may-tinh-xach-tay-laptop-acer-swift-x-sfx14-41g-r61a-nx-au3sv-001-amd-ryzen-5-5600u-vang--s210900272,laptop
https://phongvu.vn/may-tinh-xach-tay-laptop-asus-rog-strix-g513ih-hn015t-amd-ryzen-7-4800h-xam--s210900363,laptop
https://phongvu.vn/asus-vivobook-x415ea-eb548t--s210900605,laptop
https://phongvu.vn/asus-rog-strix-g15-g513ic-hn002t--s210901836,laptop
https://phongvu.vn/may-tinh-xach-tay-laptop-hp-240-g8-519a4pa-i3-1005g1-bac--s210902184,laptop
https://phongvu.vn/dell-inspiron-15-3511-i3-1115g4--s210902969,laptop
https://phongvu.vn/macbook-pro-2021-14-mkgr3sa-a-m1-pro-16gb-ssd512gb--s211006730,laptop
https://phongvu.vn/macbook-pro-2021-16-mk1e3sa-a-m1-pro-16gb-ssd512gb--s211006734,laptop
https://phongvu.vn/macbook-pro-2021-16-mk183sa-a-m1-pro-16gb-ssd512gb--s211006735,laptop
https://phongvu.vn/asus-vivobook-pro-m3401qa-km040t--s211008655,laptop
https://phongvu.vn/asus-vivobook-a515ea-l11171t--s211010561,laptop
https://phongvu.vn/asus-zenbook-ux482ea-ka274t--s211010562,laptop
https://phongvu.vn/asus-vivobook-pro-m3500qc-l1085t--s211010749,laptop
https://phongvu.vn/asus-vivobook-a515ea-l12033t-i5-1135g7--s211101970,laptop
https://phongvu.vn/asus-tuf-gaming-fx516pm-hn002w-i7-11370h--s211103372,laptop
https://phongvu.vn/acer-nitro-5-an515-57-71vv-nh-qensv-005--s211104711,laptop
https://phongvu.vn/dell-gaming-g15-5515-5515-p105f004cgr--s211104713,laptop
https://phongvu.vn/may-tinh-xach-tay-laptop-dell-gaming-g15-5515-5515-p105f004dgr-amd-ryzen-5-5600h-xam--s211104714,laptop
https://phongvu.vn/asus-tuf-gaming-fx506hcb-hn1138w-i5-11400h--s211104794,laptop
https://phongvu.vn/may-tinh-xach-tay-laptop-hp-elitebook-840-g8-19x36av-43834497-i7-1165g7-bac--s211104810,laptop
https://phongvu.vn/may-tinh-xach-tay-laptop-msi-bravo-15-b5dd-276vn-amd-ryzen-5-5600h-den--s211105059,laptop
https://phongvu.vn/msi-modern-15-a5m-238vn--s211105063,laptop
https://phongvu.vn/may-tinh-xach-tay-laptop-msi-modern-15-a5m-239vn-amd-ryzen-7-5700u-xam--s211105065,laptop
https://phongvu.vn/asus-zenbook-ux325ea-kg538w--s211106054,laptop
https://phongvu.vn/may-tinh-xach-tay-laptop-dell-gaming-g15-5515-5515-70266674-amd-ryzen-7-5800h-xam--s211106090,laptop
https://phongvu.vn/dell-gaming-g15-5515-5515-70266675--s211106091,laptop
https://phongvu.vn/asus-expertbook-b9400cea-kc0773t-i5-1135g7--s211107193,laptop
https://phongvu.vn/asus-vivobook-e210ma-gj353t-n4020-xanh--s211108419,laptop
https://phongvu.vn/may-tinh-xach-tay-laptop-gigabyte-g5-kc-5s11130sb-i5-10500h-den--s211109776,laptop
https://phongvu.vn/asus-vivobook-a515ea-bq1530w-i3-1115g4--s211110896,laptop
https://phongvu.vn/dell-inspiron-15-3511--s211200508,laptop
https://phongvu.vn/asus-expertbook-b5302cea-kg0493w-i5-1135g7--s211201845,laptop
https://phongvu.vn/dell-inspiron-15-3511-i7-1165g7--s211203645,laptop
https://phongvu.vn/asus-vivobook-x515ea-bq1006w-i3-1115g4--s211204689,laptop
https://phongvu.vn/may-tinh-xach-tay-laptop-hp-omen-16-b0123tx-4y0w6pa-i7-11800h-den--s211205928,laptop
https://phongvu.vn/dell-inspiron-15-3515-n3515--s211205929,laptop
https://phongvu.vn/dell-inspiron-14-5415-n5415--s211205931,laptop
https://phongvu.vn/dell-vostro-3510-i5-1135g7-den--s211205934,laptop
https://phongvu.vn/asus-vivobook-pro-m3401qa-km040w--s211208143,laptop
https://phongvu.vn/may-tinh-xach-tay-laptop-hp-envy-x360-13-ay1057au-601q9pa-amd-ryzen-5-5600-den--s211208844,laptop
https://phongvu.vn/may-tinh-xach-tay-laptop-hp-envy-x360-13-ay1056au-601q8pa-amd-ryzen-7-5800u-den--s211208845,laptop
https://phongvu.vn/may-tinh-xach-tay-laptop-msi-gaming-alpha-15-b5eek-203vn-amd-ryzen-5-5600h-den--s211208849,laptop
https://phongvu.vn/may-tinh-xach-tay-laptop-msi-gf63-thin-11ud-473vn-i5-11400h-den--s211208850,laptop
https://phongvu.vn/asus-expertbook-b5302fea-lf0749w-i5-1135g7--s211209685,laptop
https://phongvu.vn/asus-expertbook-b1400ceae-eb3182w--s211209686,laptop
https://phongvu.vn/may-tinh-xach-tay-laptop-asus-b1400ceae-ek4035t-i5-1135g7-den--s211209687,laptop
https://phongvu.vn/asus-zenbook-ux425ea-ki839w--s211209898,laptop
https://phongvu.vn/asus-expertbook-b9400cea-kc1258w--s211210637,laptop
https://phongvu.vn/asus-zenbook-13-ux325ea-kg656w--s211210638,laptop
https://phongvu.vn/may-tinh-xach-tay-laptop-hp-victus-16-d0201tx-4r0u3pa-i5-11400h-den--s220100805,laptop
https://phongvu.vn/asus-tuf-gaming-fx506lh-hn188w--s220101372,laptop
https://phongvu.vn/may-tinh-xach-tay-laptop-hp-15s-du3593tu-63p89pa-i5-1135g7-bac--s220101397,laptop
https://phongvu.vn/may-tinh-xach-tay-laptop-hp-15s-du3592tu-63p88pa-i5-1135g7-bac--s220101398,laptop
https://phongvu.vn/may-tinh-xach-tay-laptop-hp-15s-du3590tu-63p86pa-i7-1165g7-bac--s220101399,laptop
https://phongvu.vn/may-tinh-xach-tay-laptop-envy-x360-13-bd0531tu-4y1d1pa-i5-1135g7-vang--s220101400,laptop
https://phongvu.vn/may-tinh-xach-tay-laptop-envy-x360-13-bd0528tu-4y0y3pa-i7-1165g7-vang--s220101401,laptop
https://phongvu.vn/may-tinh-xach-tay-laptop-hp-pavilion-14-dv0516tu-46l88pa-i3-1125g4-vang--s220101402,laptop
https://phongvu.vn/may-tinh-xach-tay-laptop-hp-pavilion-14-dv1031tu-5z9u0pa-i5-1155g7-bac--s220101404,laptop
https://phongvu.vn/may-tinh-xach-tay-laptop-hp-pavilion-14-dv1033tu-5z9u8pa-i5-1155g7-bac--s220101405,laptop
https://phongvu.vn/asus-zenbook-ux325ea-kg658w--s220101722,laptop
https://phongvu.vn/asus-vivobook-a415ea-eb1750w-i3-1115g4--s220102624,laptop
https://phongvu.vn/laptop-acer-aspire-7-a715-75g-58u4-den--s220102628,laptop
https://phongvu.vn/laptop-msi-modern-15-a5m-235vn-xam--s220103922,laptop
https://phongvu.vn/may-tinh-xach-tay-laptop-msi-gp66-leopard-11ue-643vn-i7-11800h-den--s220200115,laptop
https://phongvu.vn/asus-vivobook-tp470ea-ec347w--s220200332,laptop
https://phongvu.vn/asus-zenbook-flip-ux425ea-ki883w--s220200333,laptop
https://phongvu.vn/asus-vivobook-s533eq-bq429w-i7-1165g7--s220200372,laptop
https://phongvu.vn/asus-vivobook-s533ea-bn462w--s220200732,laptop
https://phongvu.vn/asus-zenbook-ux482ea-ka397w--s220200733,laptop
https://phongvu.vn/may-tinh-xach-tay-laptop-hp-240-g8-617m3pa-i3-1005g1-bac--s220201082,laptop
https://phongvu.vn/may-tinh-xach-tay-laptop-hp-probook-450-g8-614k3pa-i5-1135g7-bac--s220201085,laptop
https://phongvu.vn/asus-vivobook-s433ea-am2307w--s220201088,laptop
https://phongvu.vn/may-tinh-xach-tay-laptop-asus-vivobook-x515ep-ej405w-i5-1135g7-bac--s220201807,laptop
https://phongvu.vn/may-tinh-xach-tay-laptop-hp-pavilion-15-au109tu-y4g14pa-bac-hang-trung-bay--s220202312,laptop
https://phongvu.vn/may-tinh-xach-tay-laptop-gigabyte-aero-16-xe5-73vn938ah-i7-12700h-den--s220202603,laptop
https://phongvu.vn/asus-vivobook-pro-m3500qc-l1388w--s220202625,laptop
https://phongvu.vn/may-tinh-xach-tay-laptop-dell-alienware-m15-r6-p109f001dbl-i7-11800h-den--s220202627,laptop
https://phongvu.vn/may-tinh-xach-tay-laptop-dell-alienware-m15-r6-p109f001cbl-i7-11800h-den--s220202631,laptop
https://phongvu.vn/laptop-acer-predator-triton-300-pt315-53-7440-nh-qdrsv-003--s220300222,laptop
https://phongvu.vn/laptop-hp-probook-430-g8-614l0pa--s220300346,laptop
https://phongvu.vn/asus-rog-strix-scar-g733zx-ll016w--s220300641,laptop
https://phongvu.vn/asus-expertbook-b1400ceae-ek3009t--s220300642,laptop
https://phongvu.vn/asus-expertbook-l1500cda-ej0531t--s220300644,laptop
https://phongvu.vn/asus-expertbook-b1500ceae-ej2646t--s220300645,laptop
https://phongvu.vn/asus-vivobook-flip-tm420ua-ec182w--s220301166,laptop
https://phongvu.vn/macbook-pro-14-inch-z15h000vp--s220302861,laptop
https://phongvu.vn/laptop-hp-probook-635-aero-g8-46j48pa-bac--s220302879,laptop
https://phongvu.vn/laptop-hp-probook-635-aero-g8-46j50pa-bac--s220302880,laptop
https://phongvu.vn/laptop-hp-probook-635-aero-g8-46j51pa-bac--s220302881,laptop
https://phongvu.vn/laptop-hp-probook-635-aero-g8-46j52pa-bac--s220302882,laptop
https://phongvu.vn/may-tinh-xach-tay-laptop-msi-modern-15-a5m-238vn-amd-ryzen-5-5500u-xam-hang-trung-bay--s220302998,laptop
https://phongvu.vn/laptop-msi-stealth-gs66-12ugs-227vn--s220303101,laptop
https://phongvu.vn/macbook-pro-14-inch-z15g001mp--s220303619,laptop
https://phongvu.vn/laptop-hp-omen-16-b0176tx-5z9q7pa-den--s220303781,laptop
https://phongvu.vn/laptop-gigabyte-aorus-17-xe5-73vn534gh-den--s220304758,laptop
https://phongvu.vn/laptop-hp-pavilion-aero-13-be0229au-bac--s220400253,laptop
https://phongvu.vn/asus-vivobook-d515da-ej1364w--s220400308,laptop
https://phongvu.vn/laptop-macbook-pro-14-inch-z15h000vq-xam--s220400335,laptop
https://phongvu.vn/dell-inspiron-15-3511-i3--s220400401,laptop
https://phongvu.vn/dell-inspiron-15-3511-i5-1135g7--s220400402,laptop
https://phongvu.vn/asus-rog-strix-g15-g513ie-hn192w--s220401042,laptop
https://phongvu.vn/laptop-acer-predator-helios-300-ph315-54-99s6-nh-qc2sv-006-den--s220401623,laptop
https://phongvu.vn/laptop-lenovo-v15-g2-itl-82kb00qmvn-den--s220401914,laptop
https://phongvu.vn/laptop-lenovo-thinkbook-13s-g3-acn-20ya0039vn--s220401915,laptop
https://phongvu.vn/may-tinh-xach-tay-laptop-acer-aspire-5-a514-54-5127-nx-a28sv-007-i5-1135g7-bac-hang-trung-bay--s220402026,laptop
https://phongvu.vn/may-tinh-xach-tay-laptop-acer-swift-3-sf314-43-r4x3-nx-ab1sv-004-amd-ryzen-5-5500u-bac-hang-trung-bay--s220402032,laptop
https://phongvu.vn/laptop-hp-14s-fq1065au-4k0z5pa-bac--s220403213,laptop
https://phongvu.vn/lenovo-yoga-slim-7-14acn6-82n7008xvn--s220500078,laptop
https://phongvu.vn/asus-expertbook-b1500ceae-bq2234w--s220500085,laptop
https://phongvu.vn/asus-expertbook-b1500cepe-ej0823w--s220500086,laptop
https://phongvu.vn/asus-expertbook-b3402fea-ec0960w--s220500087,laptop
https://phongvu.vn/dell-vostro-3510-i5-1135g7--s220500163,laptop
https://phongvu.vn/laptop-hp-elite-dragonfly-g2-25w59av--s220500198,laptop
https://phongvu.vn/lenovo-thinkbook-14-g2-itl-20vd00y4vn--s220500211,laptop
https://phongvu.vn/acer-predator-helios-ph315-55-751d--s220500383,laptop
https://phongvu.vn/acer-nitro-5-an515-57-71h1--s220500384,laptop
https://phongvu.vn/laptop-hp-probook-440-g8-i5-614f5pa--s220500534,laptop
https://phongvu.vn/laptop-hp-probook-440-g8-i5-614f5pa--s220500535,laptop
https://phongvu.vn/laptop-hp-probook-440-g8-i7-614f9pa--s220500536,laptop
https://phongvu.vn/laptop-hp-probook-440-g8-i7-614g1pa--s220500537,laptop
https://phongvu.vn/gigabyte-aorus-17-xe4-73vn514gh-i7--s220500538,laptop
https://phongvu.vn/laptop-hp-probook-450-g8-614k4pa--s220501939,laptop
https://phongvu.vn/laptop-dell-vostro-3420-70283384--s220503338,laptop
https://phongvu.vn/laptop-dell-vostro-3420-70283385--s220503339,laptop
https://phongvu.vn/asus-vivobook-x515ma-br481w--s220503379,laptop
https://phongvu.vn/asus-vivobook-x515ep-ej448w--s220503380,laptop
https://phongvu.vn/asus-rog-zephyrus-g14-ga402rk-l4242w--s220503383,laptop
https://phongvu.vn/asus-rog-zephyrus-g15-ga503rm-ln006w--s220503384,laptop
https://phongvu.vn/asus-rog-strix-g17-g713rw-ll157w--s220503387,laptop
https://phongvu.vn/asus-rog-zephyrus-duo-16-gx650rw-lo999w--s220605440,laptop
https://phongvu.vn/laptop-lenovo-thinkbook-15-g2-itl-20ve00unvn--s220605447,laptop
https://phongvu.vn/laptop-lenovo-v14-g2-alc-82kc00bbvn--s220605620,laptop
https://phongvu.vn/laptop-hp-15s-fq5081tu-6k7a1pa--s220609875,laptop
https://phongvu.vn/laptop-hp-15s-fq5104tu6k7e4pa-i7-1255u--s220609876,laptop
https://phongvu.vn/pavilion-14-dv2036tu-6k772pa--s220609882,laptop
https://phongvu.vn/laptop-hp-pavilion-15-eg2057tu-6k787pa--s220610033,laptop
https://phongvu.vn/laptop-hp-pavilion-15-eg2056tu-6k786pa--s220610040,laptop
https://phongvu.vn/laptop-hp-pavilion-15-eg2063tu-6k791pa--s220610042,laptop
https://phongvu.vn/laptop-hp-pavilion-15-eg2066tu-6k7e2pa--s220610043,laptop
https://phongvu.vn/laptop-hp-pavilion-x360-14-ek0057tu-6k7e0pa--s220610045,laptop
https://phongvu.vn/macbook-air-m2-mlxy3sa-a--s220700049,laptop
https://phongvu.vn/macbook-air-m2-mly13sa-a--s220700050,laptop
https://phongvu.vn/macbook-air-m2-mlxx3sa-a--s220700052,laptop
https://phongvu.vn/macbook-air-m2-mly03sa-a--s220700053,laptop
https://phongvu.vn/macbook-air-m2-mly23sa-a--s220700054,laptop
https://phongvu.vn/macbook-air-m2-mly43sa-a--s220700055,laptop
https://phongvu.vn/macbook-pro-m2-mneh3sa-a--s220700056,laptop
https://phongvu.vn/laptop-dell-inspiron-5620-5620-n6i7000w1-i7-1260p--s220700457,laptop
https://phongvu.vn/laptop-hp-probook-440-g9-6m0q8pa--s220700500,laptop
https://phongvu.vn/laptop-msi-delta-15-a5efk-094vn--s220700844,laptop
https://phongvu.vn/laptop-msi-delta-15-a5efk-095vn--s220700845,laptop
https://phongvu.vn/laptop-hp-14s-dq5054tu-6r9m7pa--s220700851,laptop
https://phongvu.vn/laptop-hp-14s-dq5053tu-6r9m6pa--s220700852,laptop
https://phongvu.vn/laptop-hp-14s-dq5052tu-6t6r2pa--s220700853,laptop
https://phongvu.vn/hp-15s-fq2660tu-6k793pa--s220706777,laptop
https://phongvu.vn/laptop-asus-ux5401z-ux5401zas-kn095w--s220706888,laptop
https://phongvu.vn/laptop-hp-pavilion-x360-14-ek0056tu-6l294pa--s220707601,laptop
https://phongvu.vn/laptop-acer-nitro-5-an515-46-r5z2-nh-qh3sv-001--s220800006,laptop
https://phongvu.vn/laptop-acer-nitro-5-an515-46-r6qr-nh-qh4sv-001--s220800007,laptop
https://phongvu.vn/laptop-lenovo-ideapad-3-15iml05-81wb01dxvn--s220800682,laptop
https://phongvu.vn/asus-vivobook-m1403qa-ly023w--s220801571,laptop
https://phongvu.vn/asus-vivobook-a1503za-l1151w--s220801578,laptop
https://phongvu.vn/asus-rog-zephyrus-ga503rs-ln778w--s220801582,laptop
https://phongvu.vn/asus-rog-flow-gz301ze-ld6688w--s220801583,laptop
https://phongvu.vn/asus-rog-strix-scar-g733cx-ll6789w--s220801585,laptop
https://phongvu.vn/asus-vivobook-x515ea-bq3015w--s220801588,laptop
https://phongvu.vn/laptop-lenovo-ideapad-5-pro-14iap7-82sh002tvn--s220801878,laptop
https://phongvu.vn/laptop-lenovo-ideapad-5-pro-14iap7-82sh002uvn--s220801879,laptop
https://phongvu.vn/asus-zenbook-14-flip-oled-up5401za-kn101w--s220802100,laptop
https://phongvu.vn/laptop-hp-elitebook-x360-830-g8-634l9pa--s220802105,laptop
https://phongvu.vn/laptop-hp-elitebook-x360-1030-g8-634m2pa--s220802106,laptop
https://phongvu.vn/laptop-hp-elitebook-x360-1040-g8-634u1pa--s220802107,laptop
https://phongvu.vn/laptop-hp-envy-16-h0034tx-6k7g0pa--s220802204,laptop
https://phongvu.vn/laptop-hp-x360-830-g9-6z963pa--s220802205,laptop
https://phongvu.vn/laptop-hp-1040-g9-6z984pa--s220802206,laptop
https://phongvu.vn/may-tinh-xach-tay-laptop-lenovo-thinkbook-14-g2-itl-20vd00y3vn-i7-1165g7-xam-hang-trung-bay--s220802301,laptop
https://phongvu.vn/asus-gaming-rog-zephyrus-gu603zw-k8021w--s220802796,laptop
https://phongvu.vn/asus-vivobook-x1402za-eb100w--s220802806,laptop
https://phongvu.vn/may-tinh-xach-tay-laptop-asus-zenbook-ux325ea-kg658w-i7-1165g7-xam-hang-trung-bay--s220802859,laptop
https://phongvu.vn/laptop-dell-g15-5511-p105f006--s220802901,laptop
https://phongvu.vn/macbook-pro-16-inch-z14v00122--s220806146,laptop
https://phongvu.vn/macbook-air-13-6-inch-z15w00051--s220806188,laptop
https://phongvu.vn/macbook-air-m2-2022-13-6-inch-z15y00051--s220806189,laptop
https://phongvu.vn/macbook-air-13-6-inch-z15t0003p--s220806191,laptop
https://phongvu.vn/macbook-air-13-6-inch-z15x0003l--s220806192,laptop
https://phongvu.vn/msi-gaming-gf63-thin-11uc-667vn--s220806390,laptop
https://phongvu.vn/asus-vivobook-a1503za-l1352w--s220902260,laptop
https://phongvu.vn/laptop-lenovo-legion-5-pro-16iah7h-82rf0044vn--s220902855,laptop
https://phongvu.vn/laptop-lenovo-thinkpad-x1-carbon-gen-10--s220908928,laptop
https://phongvu.vn/asus-tuf-gaming-fx506hm-hn366w--s220909067,laptop
https://phongvu.vn/asus-zenbook-pro-14-duo-oled-ux8402ze-m3044w--s220909068,laptop
https://phongvu.vn/asus-zenbook-pro-14-duo-oled-ux8402ze-m3074w--s220909069,laptop
https://phongvu.vn/asus-vivobook-pro-16x-oled-m7600re-l2044w--s220909105,laptop
https://phongvu.vn/laptop-lenovo-ideapad-3-14iau7-82rj001dvn--s220909348,laptop
https://phongvu.vn/laptop-lenovo-ideapad-3-14iau7-82rj001cvn--s220909349,laptop
https://phongvu.vn/laptop-lenovo-ideapad-3-15aba7-82rn0070vn--s220914445,laptop
https://phongvu.vn/may-tinh-xach-tay-laptop-gigabyte-aorus-5-se4-73vn313sh-i7-12700h-den--s220914497,laptop
https://phongvu.vn/may-tinh-xach-tay-laptop-dell-g15-5515-5515-70283446-amd-ryzen-7-5800h-xam--s220918772,laptop
https://phongvu.vn/laptop-dell-xps-15-9520-70295790--s220920066,laptop
https://phongvu.vn/dell-inspiron-14-5420-i7-1255u--s220920522,laptop
https://phongvu.vn/laptop-hp-envy-x360-13-bf0095tu--s221000200,laptop
https://phongvu.vn/may-tinh-xach-tay-laptop-asus-proart-w7600z3a-l2048w-i9-12900h-den--s221000227,laptop
https://phongvu.vn/may-tinh-xach-tay-laptop-asus-rog-strix-g513rw-hq152w-amd-ryzen-9-6900hx-xam--s221000229,laptop
https://phongvu.vn/may-tinh-xach-tay-laptop-asus-rog-zephyrus-ga402rk-l8072w-amd-ryzen-9-6900hs-xam--s221000231,laptop
https://phongvu.vn/may-tinh-xach-tay-laptop-asus-rog-strix-scar-g533zs-ln036w-i9-12900h-den--s221000232,laptop
https://phongvu.vn/may-tinh-xach-tay-laptop-asus-rog-zephyrus-ga503rs-ln892w-amd-ryzen-9-6900hs-xam--s221000233,laptop
https://phongvu.vn/may-tinh-xach-tay-laptop-asus-rog-zephyrus-ga503rw-ln076w-amd-ryzen-9-6900hs-xam--s221000234,laptop
https://phongvu.vn/may-tinh-xach-tay-laptop-asus-rog-zephyrus-duo-gx650rx-lo156w-amd-ryzen-9-6900hx-den--s221000235,laptop
https://phongvu.vn/may-tinh-xach-tay-laptop-lenovo-ideapad-gaming-3-15arh7-82sb007mvn-amd-ryzen-7-6800h-xam--s221000523,laptop
https://phongvu.vn/may-tinh-xach-tay-laptop-lenovo-legion-5-15arh7-82re002wvn-amd-ryzen-5-6600h-xam--s221000525,laptop
https://phongvu.vn/may-tinh-xach-tay-laptop-lenovo-legion-5-15arh7-82re0036vn-amd-ryzen-7-6800h-xam--s221000526,laptop
https://phongvu.vn/may-tinh-xach-tay-laptop-lenovo-legion-5-15arh7h-82rd003tvn-amd-ryzen-5-6600h-xam--s221000527,laptop
https://phongvu.vn/may-tinh-xach-tay-laptop-lenovo-legion-5-15arh7h-82rd004uvn-amd-ryzen-7-6800h-xam--s221000528,laptop
https://phongvu.vn/may-tinh-xach-tay-laptop-lenovo-legion-5-pro-16iah7h-82rf0045vn-i7-12700h-trang--s221000530,laptop
https://phongvu.vn/may-tinh-xach-tay-laptop-lenovo-thinkbook-14-g4-iap-21dh00b1vn-i7-1255u-xam--s221000540,laptop
https://phongvu.vn/may-tinh-xach-tay-laptop-lenovo-thinkbook-15-g4-iap-21dj00cmvn-i5-1235u-xam--s221000541,laptop
https://phongvu.vn/may-tinh-xach-tay-laptop-lenovo-thinkpad-e15-gen-4-21e600cmva-i7-1255u-den--s221000542,laptop
https://phongvu.vn/may-tinh-xach-tay-laptop-hp-elitebook-640-g9-6m150pa-i5-1235u-bac--s221001000,laptop
https://phongvu.vn/may-tinh-xach-tay-laptop-hp-elitebook-x360-1040-g8-6z981pa-bac--s221001001,laptop
https://phongvu.vn/may-tinh-xach-tay-laptop-hp-elitebook-x360-1040-g8-6z983pa-bac--s221001002,laptop
https://phongvu.vn/may-tinh-xach-tay-laptop-asus-rog-strix-scar-15-g533zw-ln134w-i9-12900h-den--s221001978,laptop
https://phongvu.vn/may-tinh-xach-tay-laptop-asus-vivobook-s-14-flip-tp3402za-lz159w-i5-12500h-bac--s221001979,laptop
https://phongvu.vn/may-tinh-xach-tay-laptop-asus-zenbook-pro-16x-oled-ux7602zm-me107w-i9-12900h-den--s221001980,laptop
https://phongvu.vn/may-tinh-xach-tay-laptop-asus-asus-zenbook-14x-oled-ux5401zas-kn130w-i5-12500h-xam--s221002022,laptop
https://phongvu.vn/may-tinh-xach-tay-laptop-hp-envy-16-h0033tx-6k7f9pa-i9-12900h-bac--s221002029,laptop
https://phongvu.vn/may-tinh-xach-tay-laptop-gigabyte-g5-ke-51vn263sh-i5-12500h-den--s221002061,laptop
https://phongvu.vn/may-tinh-xach-tay-laptop-dell-inspiron-15-3515-g6gr71-amd-ryzen-3-3250u-den-hang-trung-bay--s221002175,laptop
https://phongvu.vn/may-tinh-xach-tay-laptop-lenovo-thinkbook-14-g4-iap-21dh00b2vn-i3-1215u-xam--s221002784,laptop
https://phongvu.vn/may-tinh-xach-tay-laptop-lenovo-thinkbook-14-g4-iap-21dh00b0vn-i3-1215u-xam--s221002785,laptop
https://phongvu.vn/may-tinh-xach-tay-laptop-lenovo-thinkbook-15-g4-iap-21dj00cwvn-i7-1255u-xam--s221002788,laptop
https://phongvu.vn/may-tinh-xach-tay-laptop-lenovo-thinkbook-15-g4-iap-21dj00csvn-i7-1255u-xam--s221002789,laptop
https://phongvu.vn/may-tinh-xach-tay-laptop-lenovo-thinkbook-16-g4-iap-21cy003fvn-i7-1255u-xam--s221002790,laptop
https://phongvu.vn/may-tinh-xach-tay-laptop-lenovo-thinkbook-16-g4-iap-21cy003jvn-i7-1255u-xam--s221002791,laptop
https://phongvu.vn/may-tinh-xach-tay-laptop-lenovo-thinkpad-e14-gen-4-21e300dmva-i3-1215u-den--s221002792,laptop
https://phongvu.vn/may-tinh-xach-tay-laptop-lenovo-thinkpad-l13-gen-3-21b3005yva-i7-1255u-den--s221002793,laptop
https://phongvu.vn/may-tinh-xach-tay-laptop-lenovo-thinkpad-t16-gen-1-21bv00ekva-i5-1235u-den--s221002795,laptop
https://phongvu.vn/may-tinh-xach-tay-laptop-lenovo-thinkpad-x1-nano-gen-2-21e8003jvn-i7-1260p-den--s221002796,laptop
https://phongvu.vn/may-tinh-xach-tay-laptop-lenovo-thinkpad-x1-nano-gen-2-21e8003fvn-i7-1260p-den--s221002797,laptop
https://phongvu.vn/may-tinh-xach-tay-laptop-lenovo-thinkpad-x13s-gen-1-21bx0017vn-qualcomm-snapdragon-8cx-gen-3-den--s221002798,laptop
https://phongvu.vn/may-tinh-xach-tay-laptop-lenovo-s14-g3-iap-82tw000dvn-i3-1215u-xam--s221002799,laptop
https://phongvu.vn/may-tinh-xach-tay-laptop-lenovo-s14-g3-iap-82tw002fvn-i3-1215u-xam--s221002800,laptop
https://phongvu.vn/may-tinh-xach-tay-laptop-lenovo-s14-g3-iap-82tw000fvn-i3-1215u-xam--s221002801,laptop
https://phongvu.vn/may-tinh-xach-tay-laptop-lenovo-s14-g3-iap-82tw000hvn-i5-1235u-xam--s221002802,laptop
https://phongvu.vn/may-tinh-xach-tay-laptop-lenovo-s14-g3-iap-82tw0029vn-i5-1235u-xam--s221002803,laptop
https://phongvu.vn/may-tinh-xach-tay-laptop-lenovo-s14-g3-iap-82tw000lvn-i5-1235u-xam--s221002804,laptop
https://phongvu.vn/may-tinh-xach-tay-laptop-lenovo-s14-g3-iap-82tw002cvn-i5-1235u-xam--s221002805,laptop
https://phongvu.vn/may-tinh-xach-tay-laptop-hp-elitebook-840-g9-6z969pa-i5-1240p-bac--s221002899,laptop
https://phongvu.vn/may-tinh-xach-tay-laptop-hp-elitebook-840-g9-76t77pa-i7-1260p-bac--s221002900,laptop
https://phongvu.vn/may-tinh-xach-tay-laptop-dell-gaming-g15-5520-g15-5520-i7h165w11gr3050ti-i7-12700h-xam--s221100289,laptop
https://phongvu.vn/may-tinh-xach-tay-laptop-msi-summit-e14-flip-evo-a12mt-210vn-i7-1280p-den--s221100307,laptop
https://phongvu.vn/may-tinh-xach-tay-laptop-msi-summit-e14-evo-a12m-211vn-i7-1280p-den--s221100308,laptop
https://phongvu.vn/may-tinh-xach-tay-laptop-acer-aspire-a315-59-314f-nx-k6tsv-002-i3-1215u-bac--s221100404,laptop
https://phongvu.vn/may-tinh-xach-tay-laptop-acer-aspire-a315-59-321n-nx-k6tsv-009-i3-1215u-bac--s221100405,laptop
https://phongvu.vn/may-tinh-xach-tay-laptop-acer-aspire-a315-59-38pg-nx-k6tsv-00a-i3-1215u-bac--s221100406,laptop
https://phongvu.vn/may-tinh-xach-tay-laptop-hp-elitebook-dragonfly-g3-6z980pa-i7-1255u-xanh--s221100544,laptop
https://phongvu.vn/may-tinh-xach-tay-laptop-hp-elitebook-x360-1040-g9-6z982pa-i7-1255u-bac--s221100546,laptop
https://phongvu.vn/may-tinh-xach-tay-laptop-acer-aspire-5-a515-57-52y2-nx-k3ksv-003-i5-1235u-xam-hang-trung-bay--s221100705,laptop
https://phongvu.vn/may-tinh-xach-tay-laptop-gigabyte-g7-ke-52vn263sh-i5-12500h-den--s221100833,laptop
https://phongvu.vn/may-tinh-xach-tay-laptop-hp-zbook-firefly-14-g8-275w0av-i7-1165g7-bac--s221100907,laptop
https://phongvu.vn/may-tinh-xach-tay-laptop-hp-zbook-firefly-14-g8-275v5av-i5-1135g7-bac--s221100908,laptop
https://phongvu.vn/may-tinh-xach-tay-laptop-hp-14s-dq5100tu-7c0q0pa-i5-1235u-bac--s221101493,laptop
https://phongvu.vn/may-tinh-xach-tay-laptop-hp-14s-dq2644tu-7c0w6pa-i3-1115g4-bac--s221200054,laptop
https://phongvu.vn/may-tinh-xach-tay-laptop-hp-pavilion-x360-14-ek0130tu-7c0p5pa-3-1215u-vang--s221200062,laptop
https://phongvu.vn/may-tinh-xach-tay-laptop-hp-pavilion-x360-14-ek0131tu-7c0p6pa-i3-1215u-xanh--s221200063,laptop
https://phongvu.vn/may-tinh-xach-tay-laptop-hp-pavilion-15-eg2084tu-7c0q6pa-i5-1240p-vang--s221200071,laptop
https://phongvu.vn/may-tinh-xach-tay-laptop-hp-envy-16-h0205tx-7c0t2pa-i9-12900h-bac--s221200075,laptop
https://phongvu.vn/may-tinh-xach-tay-laptop-hp-envy-16-h0207tx-7c0t4pa-i7-12700h-bac--s221200076,laptop
https://phongvu.vn/may-tinh-xach-tay-laptop-hp-envy-16-h0206tx-7c0t3pa-i9-12900h-bac--s221200077,laptop
https://phongvu.vn/may-tinh-xach-tay-laptop-hp-elitebook-830-g9-6z972pa-i5-1235u-bac--s221200153,laptop
https://phongvu.vn/may-tinh-xach-tay-laptop-hp-elitebook-840-g9-6z967pa-i7-1255u-bac--s221200155,laptop
https://phongvu.vn/may-tinh-xach-tay-laptop-hp-elite-dragonfly-g3-6z979pa-i7-1255u-xanh--s221200156,laptop
https://phongvu.vn/may-tinh-xach-tay-laptop-hp-245-g9-6l1n8pa-amd-ryzen-5-5625u-bac--s221200157,laptop
https://phongvu.vn/may-tinh-xach-tay-laptop-hp-240-g8-617k7pa-i3-1115g4-bac--s221200158,laptop
https://phongvu.vn/may-tinh-xach-tay-laptop-hp-envy-x360-13-bf0113tu-7c0v8pa-i5-1230u-xanh--s221201224,laptop
https://phongvu.vn/asus-rog-strix-scar-18-g834jy-n6039w-i9--s230201308,laptop
https://phongvu.vn/asus-rog-strix-scar-16-g634jz-n4029w-i9--s230201310,laptop
https://phongvu.vn/may-tinh-xach-tay-laptop-lenovo-thinkpad-t14s-gen-3-21br00e2va-i5-1235u-den--s230203709,laptop
https://phongvu.vn/may-tinh-xach-tay-laptop-asus-rog-zephyrus-g16-gu603vu-n3898w-i7-13620h-xam--s230300152,laptop
https://phongvu.vn/may-tinh-xach-tay-laptop-hp-240-g9-6l1y3pa-i5-1235u-bac--s230300155,laptop
https://phongvu.vn/may-tinh-xach-tay-laptop-macbook-pro-13-z16r0003x-m2-16gb-ssd-512gb-space-grey--s230301381,laptop
https://phongvu.vn/may-tinh-xach-tay-laptop-macbook-pro-16-mnw93sa-a-m2-16gb-ssd-1tb-space-grey--s230301382,laptop
https://phongvu.vn/may-tinh-xach-tay-laptop-macbook-pro-14-mphe3sa-a-m2-16gb-ssd-512gb-space-grey--s230301390,laptop
https://phongvu.vn/may-tinh-xach-tay-laptop-macbook-pro-14-mphh3sa-a-m2-16gb-ssd-512gb-silver--s230302088,laptop
https://phongvu.vn/may-tinh-xach-tay-laptop-hp-pavilion-14-dv2077tu-7c0w3pa-i5-1235u-bac-hang-trung-bay--s230302311,laptop
https://phongvu.vn/may-tinh-xach-tay-laptop-acer-aspire-3-a315-59-381e-nx-k6tsv-006-i3-1215u-bac-hang-trung-bay--s230302312,laptop
https://phongvu.vn/may-tinh-xach-tay-laptop-acer-aspire-3-a315-59-381e-nx-k6tsv-006-i3-1215u-bac-hang-trung-bay--s230302313,laptop
https://phongvu.vn/may-tinh-xach-tay-laptop-msi-katana-15-b13vfk-676vn-i7-13620h-den--s230302448,laptop
https://phongvu.vn/laptop-lg-gram-16zd90r-g-ax55a5-i5-1340p-den--s230401852,laptop
https://phongvu.vn/laptop-lg-gram-17zd90r-g-ax73a5-i7-1360p-xam--s230401855,laptop
https://phongvu.vn/laptop-lg-gram-14z90rs-g-ah54a5-i5-1340p-trang--s230401857,laptop
https://phongvu.vn/may-tinh-xach-tay-laptop-dell-gaming-g15-5530-i7h165w11gr4060-i7-13650hx-xam--s230402239,laptop
https://phongvu.vn/may-tinh-xach-tay-laptop-asus-expertbook-b1-b1500cba-bq0249w-i5-1235u-den--s221201474,laptop
https://phongvu.vn/may-tinh-xach-tay-laptop-dell-vostro-15-3520-5m2tt1-i3-1215u-xam--s221201940,laptop
https://phongvu.vn/may-tinh-xach-tay-laptop-hp-omen-16-n0086ax-7c0t5pa-amd-ryzen-7-6800h-den--s230100439,laptop
https://phongvu.vn/may-tinh-xach-tay-laptop-hp-omen-16-n0087ax-7c0t7pa-amd-ryzen-7-6800h-den--s230100458,laptop
https://phongvu.vn/may-tinh-xach-tay-laptop-hp-omen-16-n0085ax-7c144pa-amd-ryzen-9-6900hx-den--s230100465,laptop
https://phongvu.vn/may-tinh-xach-tay-laptop-lenovo-ideapad-5-pro-16arh7-82sn00ayvn-amd-ryzen-5-6600hs-xam--s230105668,laptop
https://phongvu.vn/may-tinh-xach-tay-laptop-lenovo-ideapad-3-14iau7-82rj009mvn-i3-1215u-xanh--s230105669,laptop
https://phongvu.vn/may-tinh-xach-tay-laptop-asus-rog-strix-scar-15-g533zm-ln2210w-i7-12700h-den--s230201951,laptop
https://phongvu.vn/may-tinh-xach-tay-laptop-lenovo-ideapad-5-15aba7-82sg007kvn-amd-ryzen-5-5625u-xam--s230202264,laptop
https://phongvu.vn/may-tinh-xach-tay-laptop-asus-rog-flow-x16-gv601vv-nl016w-i9-13900h-den--s230300149,laptop
https://phongvu.vn/may-tinh-xach-tay-laptop-asus-rog-strix-scar-17-g733pz-ll980w-amd-ryzen-9-7945hx-den--s230300150,laptop
https://phongvu.vn/may-tinh-xach-tay-laptop-asus-rog-strix-g18-g814ji-n6063w-i9-13980hx-xam--s230300151,laptop
https://phongvu.vn/may-tinh-xach-tay-laptop-hp-envy-x360-13-bf0112tu-7c0n9pa-i5-1230u-bac--s230300154,laptop
https://phongvu.vn/may-tinh-xach-tay-laptop-hp-elitebook-630-g9-6m140pa-i3-1215u-bac--s230300156,laptop
https://phongvu.vn/may-tinh-xach-tay-laptop-hp-elitebook-630-g9-6m141pa-i3-1215u-bac--s230300157,laptop
https://phongvu.vn/may-tinh-xach-tay-laptop-hp-elitebook-840-g9-6z970pa-i7-1260p-bac--s230300159,laptop
https://phongvu.vn/may-tinh-xach-tay-laptop-hp-probook-450-g9-6m0y5pa-i3-1215u-bac--s230300160,laptop
https://phongvu.vn/may-tinh-xach-tay-laptop-gigabyte-a5-k1-avn1030sb-amd-ryzen-5-5600h-den--s230300539,laptop
https://phongvu.vn/may-tinh-xach-tay-laptop-lenovo-ideapad-5-pro-14iap7-82sh000svn-i5-1240p-xam--s230302069,laptop
https://phongvu.vn/may-tinh-xach-tay-laptop-lenovo-ideapad-3-15itl6-82h803cvvn-i5-1155g7-xam--s230302070,laptop
https://phongvu.vn/may-tinh-xach-tay-laptop-dell-vostro-3420-v4i7310w1-i7-1255u-xam--s230302071,laptop
https://phongvu.vn/may-tinh-xach-tay-laptop-dell-inspiron-5620-n6i7009w1-i7-1255u-bac--s230302072,laptop
https://phongvu.vn/may-tinh-xach-tay-laptop-macbook-pro-14-mphf3sa-a-m2-16gb-ssd-1tb-space-grey--s230302089,laptop
https://phongvu.vn/may-tinh-xach-tay-laptop-macbook-pro-14-mphj3sa-a-m2-16gb-ssd-1tb-silver--s230302090,laptop
https://phongvu.vn/may-tinh-xach-tay-laptop-macbook-pro-14-mphk3sa-a-m2-32gb-ssd-1tb-silver--s230302091,laptop
https://phongvu.vn/may-tinh-xach-tay-laptop-macbook-pro-16-mnw83sa-a-m2-16gb-ssd-512gb-space-grey--s230302092,laptop
https://phongvu.vn/may-tinh-xach-tay-laptop-macbook-pro-16-mnwc3sa-a-m2-16gb-ssd-512gb-silver--s230302093,laptop
https://phongvu.vn/may-tinh-xach-tay-laptop-macbook-pro-16-mnwd3sa-a-m2-16gb-ssd-1tb-silver--s230302095,laptop
https://phongvu.vn/may-tinh-xach-tay-laptop-dell-vostro-14-3400-yx51w5-i5-1135g7-den-hang-trung-bay--s230302315,laptop
https://phongvu.vn/may-tinh-xach-tay-laptop-dell-vostro-14-3400-yx51w5-i5-1135g7-den-hang-trung-bay--s230302316,laptop
https://phongvu.vn/may-tinh-xach-tay-laptop-asus-rog-flow-z13-gz301vu-mu301w-i9-13900h-den--s230302703,laptop
https://phongvu.vn/may-tinh-xach-tay-laptop-acer-nitro-5-an515-58-50d2-nh-qhysv-005-i5-12500h-den--s230302704,laptop
https://phongvu.vn/may-tinh-xach-tay-laptop-asus-gaming-rog-g614ju-n3135w-i5-13450h-xam--s230304287,laptop
https://phongvu.vn/may-tinh-xach-tay-laptop-msi-gaming-cyborg-15-a12ve-240vn-i7-12650h-den--s230304292,laptop
https://phongvu.vn/may-tinh-xach-tay-laptop-asus-vivobook-a1505va-l1052w-i5-13500h-den--s230304297,laptop
https://phongvu.vn/may-tinh-xach-tay-laptop-asus-vivobook-x1504va-nj023w-i7-1355u-bac--s230304298,laptop
https://phongvu.vn/may-tinh-xach-tay-laptop-asus-zenbook-ux8402vu-p1028w-i9-13900h-den--s230304300,laptop
https://phongvu.vn/may-tinh-xach-tay-laptop-asus-vivobook-pro-15-oled-k6502vu-ma090w-i9-13900h-bac--s230304301,laptop
https://phongvu.vn/may-tinh-xach-tay-laptop-macbook-pro-14-mphg3sa-a-m2-32gb-ssd-1tb-space-grey--s230304350,laptop
https://phongvu.vn/may-tinh-xach-tay-laptop-macbook-pro-16-mnwa3sa-a-m2-32gb-ssd-1tb-space-grey--s230304352,laptop
https://phongvu.vn/may-tinh-xach-tay-laptop-macbook-pro-16-mnwe3sa-a-m2-32gb-ssd-1tb-silver--s230304353,laptop
https://phongvu.vn/may-tinh-xach-tay-laptop-asus-tuf-gaming-fx507zm-hn123w-i7-12700h-xam-hang-trung-bay--s230400511,laptop
https://phongvu.vn/may-tinh-xach-tay-laptop-asus-vivobook-pro-m3401qa-km006w-amd-ryzen-5-5600h-bac-hang-trung-bay--s230400512,laptop
https://phongvu.vn/may-tinh-xach-tay-laptop-asus-zenbook-flip-ux363ea-hp726w-i5-1135g7-xam-hang-trung-bay--s230400513,laptop
https://phongvu.vn/may-tinh-xach-tay-laptop-dell-inspiron-16-5625-99vp91-amd-ryzen-7-5825u-bac-hang-trung-bay--s230400514,laptop
https://phongvu.vn/may-tinh-xach-tay-laptop-hp-15s-fq2712tu-7c0x2pa-i3-1115g4-bac-hang-trung-bay--s230400515,laptop
https://phongvu.vn/may-tinh-xach-tay-laptop-hp-pavilion-15-eg0003tx-2d9c5pa-i5-1135g7-vang-hang-trung-bay--s230400516,laptop
https://phongvu.vn/may-tinh-xach-tay-laptop-asus-tuf-gaming-f15-fx506hf-hn014w-i5-11400h-den--s230400577,laptop
https://phongvu.vn/may-tinh-xach-tay-laptop-asus-tuf-gaming-a15-fa507nv-lp046w-amd-ryzen-7-7735hs-xam--s230400578,laptop
https://phongvu.vn/may-tinh-xach-tay-laptop-hp-240-g9-6l1x3pa-i3-1215u-bac--s230400583,laptop
https://phongvu.vn/may-tinh-xach-tay-laptop-lenovo-v15-g3-iap-82tt00arvn-i3-1215u-xam--s230400584,laptop
https://phongvu.vn/may-tinh-xach-tay-laptop-lenovo-v15-g3-iap-82tt00atvn-i5-1235u-xam--s230400585,laptop
https://phongvu.vn/may-tinh-xach-tay-laptop-asus-vivobook-x515ea-ej3633w-i3-1115g4-bac--s230400586,laptop
https://phongvu.vn/may-tinh-xach-tay-laptop-lg-gram-14zd90q-g-ax56a5-i5-1240p-xam-hang-trung-bay--s230401791,laptop
https://phongvu.vn/may-tinh-xach-tay-laptop-macbook-air-2020-13-3-mgnd3sa-a-m1-8gb-ssd256gb-vang-hang-trung-bay--s230401792,laptop
https://phongvu.vn/may-tinh-xach-tay-laptop-dell-vostro-5620-vwxvw-i5-1240p-xam-hang-trung-bay--s230401793,laptop
https://phongvu.vn/may-tinh-xach-tay-laptop-lenovo-ideapad-1-15amn7-82vg0022vn-amd-ryzen-5-7520u-xam-hang-trung-bay--s230401795,laptop
https://phongvu.vn/may-tinh-xach-tay-laptop-lenovo-thinkpad-e14-gen-4-21e300dpva-i5-1235u-den--s230401798,laptop
https://phongvu.vn/may-tinh-xach-tay-laptop-asus-vivobook-x1504va-nj070w-i5-1335u-xanh--s230401843,laptop
https://phongvu.vn/may-tinh-xach-tay-laptop-asus-vivobook-s-14-flip-tn3402ya-lz026w-amd-ryzen-5-7530u-bac--s230401846,laptop
https://phongvu.vn/laptop-lg-gram-14z90r-g-ah53a5-i5-1340p-xam--s230401850,laptop
https://phongvu.vn/laptop-lg-gram-14z90r-g-ah75a5-i7-1360p-den--s230401851,laptop
https://phongvu.vn/laptop-lg-gram-16z90r-g-ah76a5-i7-1360p-xam--s230401853,laptop
https://phongvu.vn/laptop-lg-gram-16z90r-e-ah75a5-i7-1360p-den--s230401854,laptop
https://phongvu.vn/laptop-lg-gram-16z90rs-g-ah54a5-i5-1340p-trang--s230401858,laptop
https://phongvu.vn/laptop-lg-gram-15z90rt-g-ah55a5-i5-1340p-xanh--s230401859,laptop
https://phongvu.vn/laptop-lg-gram-14t90r-g-ah55a5-i5-1340p-den--s230401860,laptop
https://phongvu.vn/may-tinh-xach-tay-laptop-dell-gaming-g15-5525-r7h165w11gr3060-amd-ryzen-7-6800h-xam--s230402237,laptop
https://phongvu.vn/may-tinh-xach-tay-laptop-gigabyte-aorus-15-9mf-e2vn583sh-i5-12500h-den--s230402240,laptop
https://phongvu.vn/may-tinh-xach-tay-laptop-gigabyte-g5-kf-e3vn313sh-i5-12500h-den--s230402241,laptop
https://phongvu.vn/may-tinh-xach-tay-laptop-gigabyte-g5-kf-e3vn333sh-i5-12500h-den--s230402242,laptop
https://phongvu.vn/may-tinh-xach-tay-laptop-gigabyte-g5-mf-e2vn333sh-i5-12500h-den--s230402243,laptop
https://phongvu.vn/may-tinh-xach-tay-laptop-asus-tuf-gaming-f15-fx507zv4-lp041w-i7-12700h-bac--s230402244,laptop
https://phongvu.vn/may-tinh-xach-tay-laptop-acer-nitro-an515-58-957r-nh-qhysv-006-i9-12900h-den--s230402245,laptop
https://phongvu.vn/may-tinh-xach-tay-laptop-dell-inspiron-15-3530-n3530-i3u085w11blu-i3-1305u-den--s230402246,laptop
https://phongvu.vn/may-tinh-xach-tay-laptop-msi-modern-15-b7m-231vn-amd-ryzen-5-7530u-den--s230402250,laptop
https://phongvu.vn/may-tinh-xach-tay-laptop-msi-modern-14-c13m-608vn-i5-1335u-den--s230402251,laptop
https://phongvu.vn/may-tinh-xach-tay-laptop-msi-modern-14-c13m-611vn-i5-1335u-bac--s230402252,laptop
https://phongvu.vn/may-tinh-xach-tay-laptop-msi-modern-14-c13m-612vn-i5-1335u-hong--s230402253,laptop
https://phongvu.vn/may-tinh-xach-tay-laptop-msi-modern-14-c13m-610vn-i5-1335u-hong--s230402255,laptop
https://phongvu.vn/may-tinh-xach-tay-laptop-asus-vivobook-x1404va-nk124w-i3-1315u-bac--s230402256,laptop
https://phongvu.vn/may-tinh-xach-tay-laptop-acer-aspire-7-a715-76-57cy-nh-qgesv-004-i5-12450h-den--s230402668,laptop
https://phongvu.vn/may-tinh-xach-tay-laptop-acer-aspire-7-a715-76g-5132-nh-qmesv-002-i5-12450h-den--s230402669,laptop
https://phongvu.vn/may-tinh-xach-tay-laptop-acer-nitro-16-phoenix-an16-41-r5m4-nh-qkbsv-003-amd-ryzen-5-7535hs-den--s230402670,laptop
https://phongvu.vn/may-tinh-xach-tay-laptop-acer-predator-helios-neo-phn16-71-54cd-nh-qltsv-001-i5-13500hx-den--s230402671,laptop
https://phongvu.vn/may-tinh-xach-tay-laptop-acer-predator-helios-neo-phn16-71-7460-nh-qltsv-004-i7-13700hx-den--s230402672,laptop
https://phongvu.vn/may-tinh-xach-tay-laptop-acer-predator-helios-neo-phn16-71-59tn-nh-qlusv-003-i5-13500hx-den--s230402673,laptop
https://phongvu.vn/may-tinh-xach-tay-laptop-acer-predator-helios-neo-phn16-71-74ba-nh-qlusv-004-i7-13700hx-den--s230402674,laptop
https://phongvu.vn/may-tinh-xach-tay-laptop-acer-predator-helios-16-ph16-71-72bv-nh-qjrsv-001-i7-13700hx-den--s230402675,laptop
https://phongvu.vn/may-tinh-xach-tay-laptop-hp-elitebook-630-g9-7k9h3pa-i5-1235u-bac--s230402676,laptop
https://phongvu.vn/may-tinh-xach-tay-laptop-hp-pavilion-x360-14-ek1049tu-80r27pa-i5-1335u-vang--s230402677,laptop
https://phongvu.vn/may-tinh-xach-tay-laptop-acer-aspire-5-a514-56p-35x7-nx-khrsv-001-i3-1315u-bac--s230402678,laptop
https://phongvu.vn/may-tinh-xach-tay-laptop-acer-aspire-5-a515-58p-34rj-nx-khjsv-003-i3-1315u-bac--s230402679,laptop
https://phongvu.vn/may-tinh-xach-tay-laptop-hp-14s-14-em0085au-835t8pa-amd-ryzen-3-7320u-bac--s230402680,laptop
https://phongvu.vn/may-tinh-xach-tay-laptop-acer-aspire-3-a314-36m-391a-nx-kdmsv-002-i3-n305-bac--s230402848,laptop
https://phongvu.vn/may-tinh-xach-tay-laptop-acer-aspire-3-a314-23m-r4tx-nx-kexsv-001-amd-ryzen-5-7520u-bac--s230402849,laptop
https://phongvu.vn/dien-thoai-di-dong-samsung-galaxy-s21-ultra-5g-12-128gb-sm-g998bzsdxxv-silver--s210103647,dienthoai
https://phongvu.vn/dien-thoai-xiaomi-redmi-12c-64gb-gray--s230303625,dienthoai
https://phongvu.vn/samsung-galaxy-a73-5g-8gb-128gb--p466798?sku=221003260,dienthoai
https://phongvu.vn/galaxy-a34-5g-8gb-128gb--p505121?sku=230300481,dienthoai
https://phongvu.vn/samsung-galaxy-z-fold-4-12gb--p466800?sku=221003271,dienthoai
https://phongvu.vn/samsung-galaxy-a53-5g--p418925?sku=220303087,dienthoai
https://phongvu.vn/iphone-14-plus--p459614?sku=220908973,dienthoai
https://phongvu.vn/samsung-galaxy-a54-5g-8gb-128gb--p505122?sku=230302694,dienthoai
https://phongvu.vn/iphone-13--p418533?sku=210900432,dienthoai
https://phongvu.vn/zte-blade-v40-vita--p440452?sku=220610453,dienthoai
https://phongvu.vn/iphone-14--p459613?sku=220908958,dienthoai
https://phongvu.vn/samsung-galaxy-z-flip4-8gb--p466799?sku=221003264,dienthoai
https://phongvu.vn/xiaomi-redmi-note-11-pro-5g--p415248?sku=220201136,dienthoai
https://phongvu.vn/zte-blade-a52--p440451?sku=220610451,dienthoai
https://phongvu.vn/bundle-nubia-red-magic-6s-pro--p440475?sku=220610479,dienthoai
https://phongvu.vn/asus-rog-phone-6--p442461?sku=220706575,dienthoai
https://phongvu.vn/iphone-14-pro--p459616?sku=220908989,dienthoai
https://phongvu.vn/iphone-14-pro-max--p459617?sku=220909006,dienthoai
https://phongvu.vn/samsung-galaxy-a04-3gb-32gb--p468121?sku=221101670,dienthoai
https://phongvu.vn/samsung-galaxy-a14-5g-128g--p471199?sku=221201948,dienthoai
https://phongvu.vn/samsung-galaxy-s23-256gb--p500202?sku=230201274,dienthoai
https://phongvu.vn/samsung-galaxy-s23-plus--p500203?sku=230201278,dienthoai
https://phongvu.vn/samsung-galaxy-s23-ultra--p500205?sku=230201287,dienthoai
https://phongvu.vn/samsung-galaxy-a14-lte-4gb-128gb--p505120?sku=230300480,dienthoai
https://phongvu.vn/dien-thoai-di-dong-samsung-galaxy-s22-ultra-5g-12-gb256gb-den-black--s220200760,dienthoai
https://phongvu.vn/xiaomi-redmi-note-11-pro--p415245?sku=220201133,dienthoai
https://phongvu.vn/dien-thoai-di-dong-vivo-v2204-y16-4-128gb-den-128gb-black--s230203712,dienthoai
https://phongvu.vn/samsung-galaxy-a13--p420345?sku=220400078,dienthoai
https://phongvu.vn/samsung-galaxy-s21-fe-5g-8gb-128gb--p466801?sku=221003278,dienthoai
https://phongvu.vn/samsung-galaxy-a23--p420347?sku=220400083,dienthoai
https://phongvu.vn/xiaomi-redmi-9c--p412232?sku=211108414,dienthoai
https://phongvu.vn/tp-link-neffos-n105--p420143?sku=220305748,dienthoai
https://phongvu.vn/tp-link-neffos-n150--p420144?sku=220305749,dienthoai
https://phongvu.vn/samsung-galaxy-a33-5g-6gb-128gb--p466797?sku=221003258,dienthoai
https://phongvu.vn/samsung-galaxy-a04s-4gb-64gb--p468120?sku=221100681,dienthoai
https://phongvu.vn/dien-thoai-asus-rog-phone-7-ultimate-16gb-512gb-ai2205-5d034ww-snapdragon-8-gen2-storm-white--s230500081,dienthoai
https://phongvu.vn/dien-thoai-asus-rog-phone-7-16gb-512gb-ai2205-1b032ww-snapdragon-8-gen2-phantom-black--s230500082,dienthoai
https://phongvu.vn/ipad-pro-2021-12-9-inch--p250661?sku=210403615,tablet
https://phongvu.vn/ipad-pro-2021-cellular-12-9-inch--p250669?sku=210403618,tablet
https://phongvu.vn/ipad-gen-9thth-2021-10-2-inch-wifi--p377266?sku=210900563,tablet
https://phongvu.vn/ipad-mini-6-2021-8-3-inch-wifi--p377278?sku=210900574,tablet
https://phongvu.vn/ipad-mini-6-2021-8-3-inch--p377286?sku=210900580,tablet
https://phongvu.vn/xiaomi-pad-5--p392383?sku=211005349,tablet
https://phongvu.vn/samsung-galaxy-tab-a8-2022--p409264?sku=211208736,tablet
https://phongvu.vn/lenovo-tab-p11-plus--s220200777,tablet
https://phongvu.vn/ipad-air-5-m1-2022-10-9-inch--p418275?sku=220301630,tablet
https://phongvu.vn/lenovo-yoga-tab-11--s220401737,tablet
https://phongvu.vn/samsung-galaxy-tab-s8-wifi-8gb-128gb--p466805?sku=221003300,tablet
https://phongvu.vn/samsung-galaxy-tab-s8-wifi--p466806?sku=221003302,tablet
https://phongvu.vn/may-tinh-bang-samsung-galaxy-tab-s8-ultra-xam--s221003305,tablet
https://phongvu.vn/may-tinh-bang-lenovo-tab-m10-gen-3-4gb-64gb--s221100153,tablet
https://phongvu.vn/ipad-pro-11-inch-m2-wifi--p469466?sku=221102026,tablet
https://phongvu.vn/may-tinh-bang-apple-ipad-pro-11-wi-fi-cellular-256gb-mnye3za-a-space-grey-256gb-space-gray--s221200281,tablet
https://phongvu.vn/ipad-pro-11-inch-wifi-cellular--p500457?sku=230300187,tablet
https://phongvu.vn/ipad-pro-12-9-m2-wifi--p504859?sku=230300201,tablet
https://phongvu.vn/may-tinh-bang-lenovo-tab-m10-tbx505l-2gb32gb-den---s200301107,tablet
https://phongvu.vn/may-tinh-bang-lenovo-tab-m8-tb8505x-3gb32gb-za5h0113vn-den--s200600181,tablet
https://phongvu.vn/lenovo-tab-m10-gen-2--s210100357,tablet
https://phongvu.vn/samsung-galaxy-tab-a7-lite-32gb--p254783?sku=210600295,tablet
https://phongvu.vn/ipad-air-5-m1-2022-cellular-10-9-inch--p418290?sku=220301640,tablet
https://phongvu.vn/combo-but-cam-ung-va-ban-phim-surface-pro-8--s220400303,tablet
https://phongvu.vn/microsoft-surface-pro-8--s220400304,tablet
https://phongvu.vn/may-tinh-bang-microsoft-surface-pro-8-13-inch--s220401218,tablet
https://phongvu.vn/may-tinh-bang-microsoft-surface-pro-8-13-inch--s220401219,tablet
https://phongvu.vn/surface-pro-8-platinum-core-i5--s220500473,tablet
https://phongvu.vn/samsung-galaxy-tab-s7-fe-4gb-64gb--s221003297,tablet
https://phongvu.vn/ipad-gen-10-10-9-wifi-64gb--s221102025,tablet
https://phongvu.vn/ipad-pro-11-m2-wi-fi-cellular-256gb--s230100123,tablet
https://phongvu.vn/ipad-10-9-gen-10-wifi-64gb--p504860?sku=230300202,tablet
https://phongvu.vn/ipad-10-9-gen-10-wifi-cellular--p504861?sku=230300209,tablet
https://phongvu.vn/ipad-pro-12-9-m2-wifi-cellular--p504858?sku=230300196,tablet
https://phongvu.vn/may-tinh-xach-tay-laptop-dell-vostro-3520-v5i3614w1-i3-1215u-xam--s230500075,laptop
https://phongvu.vn/dien-thoai-xiaomi-redmi-12c-128gb-xam-den--s230402845,dienthoai
https://phongvu.vn/samsung-galaxy-a73-5g-8gb-128gb--s221003261,dienthoai
https://phongvu.vn/samsung-galaxy-a73-5g-8gb-128gb--s221003260,dienthoai
https://phongvu.vn/galaxy-a34-5g-8gb-128gb--s230302692,dienthoai
https://phongvu.vn/galaxy-a34-5g-8gb-128gb--s230302691,dienthoai
https://phongvu.vn/galaxy-a34-5g-8gb-128gb--s230300481,dienthoai
https://phongvu.vn/samsung-galaxy-z-fold-4-12gb--s221003273,dienthoai
https://phongvu.vn/samsung-galaxy-z-fold-4-12gb--s221003272,dienthoai
https://phongvu.vn/samsung-galaxy-z-fold-4-12gb--s221003271,dienthoai
https://phongvu.vn/samsung-galaxy-a53-5g--s220303088,dienthoai
https://phongvu.vn/samsung-galaxy-a53-5g--s220303087,dienthoai
https://phongvu.vn/iphone-14-plus--s220908985,dienthoai
https://phongvu.vn/iphone-14-plus--s220908982,dienthoai
https://phongvu.vn/iphone-14-plus--s220908979,dienthoai
https://phongvu.vn/iphone-14-plus--s220908976,dienthoai
https://phongvu.vn/iphone-14-plus--s220908973,dienthoai
https://phongvu.vn/samsung-galaxy-a54-5g-8gb-128gb--s230302694,dienthoai
https://phongvu.vn/samsung-galaxy-a54-5g-8gb-128gb--s230302693,dienthoai
https://phongvu.vn/samsung-galaxy-a54-5g-8gb-128gb--s230300482,dienthoai
https://phongvu.vn/iphone-13--s210900440,dienthoai
https://phongvu.vn/iphone-13--s210900434,dienthoai
https://phongvu.vn/iphone-13--s210900433,dienthoai
https://phongvu.vn/iphone-13--s210900432,dienthoai
https://phongvu.vn/zte-blade-v40-vita--s220610455,dienthoai
https://phongvu.vn/zte-blade-v40-vita--s220610453,dienthoai
https://phongvu.vn/iphone-14--s220908970,dienthoai
https://phongvu.vn/iphone-14--s220908967,dienthoai
https://phongvu.vn/iphone-14--s220908964,dienthoai
https://phongvu.vn/iphone-14--s220908961,dienthoai
https://phongvu.vn/iphone-14--s220908958,dienthoai
https://phongvu.vn/samsung-galaxy-z-flip4-8gb--s221003266,dienthoai
https://phongvu.vn/samsung-galaxy-z-flip4-8gb--s221003265,dienthoai
https://phongvu.vn/samsung-galaxy-z-flip4-8gb--s221003264,dienthoai
https://phongvu.vn/samsung-galaxy-z-flip4-8gb--s221003263,dienthoai
https://phongvu.vn/xiaomi-redmi-note-11-pro-5g--s220201138,dienthoai
https://phongvu.vn/xiaomi-redmi-note-11-pro-5g--s220201137,dienthoai
https://phongvu.vn/xiaomi-redmi-note-11-pro-5g--s220201136,dienthoai
https://phongvu.vn/zte-blade-a52--s220610452,dienthoai
https://phongvu.vn/zte-blade-a52--s220610451,dienthoai
https://phongvu.vn/zte-blade-a52--s220610450,dienthoai
https://phongvu.vn/bundle-nubia-red-magic-6s-pro--s220610479,dienthoai
https://phongvu.vn/asus-rog-phone-6--s220706576,dienthoai
https://phongvu.vn/asus-rog-phone-6--s220706575,dienthoai
https://phongvu.vn/iphone-14-pro--s220909001,dienthoai
https://phongvu.vn/iphone-14-pro--s220908997,dienthoai
https://phongvu.vn/iphone-14-pro--s220908993,dienthoai
https://phongvu.vn/iphone-14-pro--s220908989,dienthoai
https://phongvu.vn/iphone-14-pro-max--s220909018,dienthoai
https://phongvu.vn/iphone-14-pro-max--s220909014,dienthoai
https://phongvu.vn/iphone-14-pro-max--s220909010,dienthoai
https://phongvu.vn/iphone-14-pro-max--s220909006,dienthoai
https://phongvu.vn/samsung-galaxy-a04-3gb-32gb--s221101670,dienthoai
https://phongvu.vn/samsung-galaxy-a04-3gb-32gb--s221101669,dienthoai
https://phongvu.vn/samsung-galaxy-a04-3gb-32gb--s221100682,dienthoai
https://phongvu.vn/samsung-galaxy-a14-5g-128g--s221201948,dienthoai
https://phongvu.vn/samsung-galaxy-a14-5g-128g--s221201947,dienthoai
https://phongvu.vn/samsung-galaxy-a14-5g-128g--s221201938,dienthoai
https://phongvu.vn/samsung-galaxy-s23-256gb--s230201277,dienthoai
https://phongvu.vn/samsung-galaxy-s23-256gb--s230201276,dienthoai
https://phongvu.vn/samsung-galaxy-s23-256gb--s230201275,dienthoai
https://phongvu.vn/samsung-galaxy-s23-256gb--s230201274,dienthoai
https://phongvu.vn/samsung-galaxy-s23-plus--s230201281,dienthoai
https://phongvu.vn/samsung-galaxy-s23-plus--s230201280,dienthoai
https://phongvu.vn/samsung-galaxy-s23-plus--s230201279,dienthoai
https://phongvu.vn/samsung-galaxy-s23-plus--s230201278,dienthoai
https://phongvu.vn/samsung-galaxy-s23-ultra--s230201296,dienthoai
https://phongvu.vn/samsung-galaxy-s23-ultra--s230201293,dienthoai
https://phongvu.vn/samsung-galaxy-s23-ultra--s230201290,dienthoai
https://phongvu.vn/samsung-galaxy-s23-ultra--s230201287,dienthoai
https://phongvu.vn/samsung-galaxy-a14-lte-4gb-128gb--s230302156,dienthoai
https://phongvu.vn/samsung-galaxy-a14-lte-4gb-128gb--s230302155,dienthoai
https://phongvu.vn/samsung-galaxy-a14-lte-4gb-128gb--s230300480,dienthoai
https://phongvu.vn/xiaomi-redmi-note-11-pro--s220201135,dienthoai
https://phongvu.vn/xiaomi-redmi-note-11-pro--s220201134,dienthoai
https://phongvu.vn/xiaomi-redmi-note-11-pro--s220201133,dienthoai
https://phongvu.vn/samsung-galaxy-a13--s220400078,dienthoai
https://phongvu.vn/samsung-galaxy-s21-fe-5g-8gb-128gb--s221003280,dienthoai
https://phongvu.vn/samsung-galaxy-s21-fe-5g-8gb-128gb--s221003279,dienthoai
https://phongvu.vn/samsung-galaxy-s21-fe-5g-8gb-128gb--s221003278,dienthoai
https://phongvu.vn/samsung-galaxy-s21-fe-5g-8gb-128gb--s221003277,dienthoai
https://phongvu.vn/samsung-galaxy-a23--s220400083,dienthoai
https://phongvu.vn/xiaomi-redmi-9c--s211108414,dienthoai
https://phongvu.vn/tp-link-neffos-n105--s220305748,dienthoai
https://phongvu.vn/tp-link-neffos-n150--s220305749,dienthoai
https://phongvu.vn/samsung-galaxy-a33-5g-6gb-128gb--s221003258,dienthoai
https://phongvu.vn/samsung-galaxy-a04s-4gb-64gb--s221101672,dienthoai
https://phongvu.vn/samsung-galaxy-a04s-4gb-64gb--s221101671,dienthoai
https://phongvu.vn/samsung-galaxy-a04s-4gb-64gb--s221100681,dienthoai
https://phongvu.vn/ipad-pro-2021-12-9-inch--s210403616,tablet
https://phongvu.vn/ipad-pro-2021-12-9-inch--s210403615,tablet
https://phongvu.vn/ipad-pro-2021-cellular-12-9-inch--s210403618,tablet
https://phongvu.vn/ipad-pro-2021-cellular-12-9-inch--s210403621,tablet
https://phongvu.vn/ipad-gen-9thth-2021-10-2-inch-wifi--s210900564,tablet
https://phongvu.vn/ipad-gen-9thth-2021-10-2-inch-wifi--s210900563,tablet
https://phongvu.vn/ipad-mini-6-2021-8-3-inch-wifi--s210900574,tablet
https://phongvu.vn/ipad-mini-6-2021-8-3-inch--s210900582,tablet
https://phongvu.vn/ipad-mini-6-2021-8-3-inch--s210900580,tablet
https://phongvu.vn/xiaomi-pad-5--s211005349,tablet
https://phongvu.vn/samsung-galaxy-tab-a8-2022--s211208736,tablet
https://phongvu.vn/ipad-air-5-m1-2022-10-9-inch--s220301634,tablet
https://phongvu.vn/ipad-air-5-m1-2022-10-9-inch--s220301633,tablet
https://phongvu.vn/ipad-air-5-m1-2022-10-9-inch--s220301632,tablet
https://phongvu.vn/ipad-air-5-m1-2022-10-9-inch--s220301631,tablet
https://phongvu.vn/ipad-air-5-m1-2022-10-9-inch--s220301630,tablet
https://phongvu.vn/samsung-galaxy-tab-s8-wifi-8gb-128gb--s221003301,tablet
https://phongvu.vn/samsung-galaxy-tab-s8-wifi-8gb-128gb--s221003300,tablet
https://phongvu.vn/samsung-galaxy-tab-s8-wifi--s221003303,tablet
https://phongvu.vn/samsung-galaxy-tab-s8-wifi--s221003302,tablet
https://phongvu.vn/ipad-pro-11-inch-m2-wifi--s230300217,tablet
https://phongvu.vn/ipad-pro-11-inch-m2-wifi--s221102026,tablet
https://phongvu.vn/ipad-pro-11-inch-wifi-cellular--s230300187,tablet
https://phongvu.vn/ipad-pro-11-inch-wifi-cellular--s230201525,tablet
https://phongvu.vn/ipad-pro-12-9-m2-wifi--s230300201,tablet
https://phongvu.vn/ipad-pro-12-9-m2-wifi--s230300200,tablet
https://phongvu.vn/samsung-galaxy-tab-a7-lite-32gb--s210600296,tablet
https://phongvu.vn/samsung-galaxy-tab-a7-lite-32gb--s210600295,tablet
https://phongvu.vn/ipad-air-5-m1-2022-cellular-10-9-inch--s220301644,tablet
https://phongvu.vn/ipad-air-5-m1-2022-cellular-10-9-inch--s220301643,tablet
https://phongvu.vn/ipad-air-5-m1-2022-cellular-10-9-inch--s220301642,tablet
https://phongvu.vn/ipad-air-5-m1-2022-cellular-10-9-inch--s220301641,tablet
https://phongvu.vn/ipad-air-5-m1-2022-cellular-10-9-inch--s220301640,tablet
https://phongvu.vn/may-tinh-bang-samsung-galaxy-tab-s7-fe-4gb-64gb-den--s221003299,tablet
https://phongvu.vn/may-tinh-bang-samsung-galaxy-tab-s7-fe-4gb-64gb-hong--s221003298,tablet
https://phongvu.vn/ipad-10-9-gen-10-wifi-64gb--s230300206,tablet
https://phongvu.vn/ipad-10-9-gen-10-wifi-64gb--s230300204,tablet
https://phongvu.vn/ipad-10-9-gen-10-wifi-64gb--s230300203,tablet
https://phongvu.vn/ipad-10-9-gen-10-wifi-64gb--s230300202,tablet
https://phongvu.vn/ipad-10-9-gen-10-wifi-cellular--s230300212,tablet
https://phongvu.vn/ipad-10-9-gen-10-wifi-cellular--s230300211,tablet
https://phongvu.vn/ipad-10-9-gen-10-wifi-cellular--s230300210,tablet
https://phongvu.vn/ipad-10-9-gen-10-wifi-cellular--s230300209,tablet
https://phongvu.vn/ipad-pro-12-9-m2-wifi-cellular--s230300197,tablet
https://phongvu.vn/ipad-pro-12-9-m2-wifi-cellular--s230300196,tablet
https://phongvu.vn/iphone-13--s210900439,dienthoai
https://phongvu.vn/ipad-pro-2021-cellular-12-9-inch--s210403622,tablet
https://phongvu.vn/ipad-10-9-gen-10-wifi-64gb--s230300208,tablet
https://phongvu.vn/ipad-10-9-gen-10-wifi-64gb--s230300207,tablet
https://phongvu.vn/ipad-10-9-gen-10-wifi-64gb--s230300205,tablet
