https://www.thegioididong.com/laptop/apple-macbook-air-2020-mgn63saa,laptop
https://www.thegioididong.com/laptop/hp-15s-fq2716tu-i3-7c0x3pa,laptop
https://www.thegioididong.com/laptop/asus-tuf-gaming-fx506lhb-i5-hn188w,laptop
https://www.thegioididong.com/laptop/apple-macbook-air-m2-2022,laptop
https://www.thegioididong.com/laptop/dell-vostro-3510-i5-p112f002bbl,laptop
https://www.thegioididong.com/laptop/hp-pavilion-15-eg2082tu-i5-7c0q5pa,laptop
https://www.thegioididong.com/laptop/acer-aspire-3-a315-58-54xf-i5-nxam0sv007,laptop
https://www.thegioididong.com/laptop/lenovo-ideapad-3-15iau7-i3-82rk005lvn,laptop
https://www.thegioididong.com/laptop/lenovo-thinkbook-14-g3-acl-r5-21a200r0vn,laptop
https://www.thegioididong.com/laptop/asus-vivobook-x415ea-i3-ek2034w,laptop
https://www.thegioididong.com/laptop/msi-gaming-gf63-thin-11sc-i5-664vn,laptop
https://www.thegioididong.com/laptop/acer-aspire-7-gaming-a715-42g-r05g-r5-nhqaysv007,laptop
https://www.thegioididong.com/laptop/asus-vivobook-15x-oled-a1503za-i5-l1290w,laptop
https://www.thegioididong.com/laptop/hp-240-g8-i3-6l1a1pa,laptop
https://www.thegioididong.com/laptop/asus-vivobook-15-x1502za-i5-ej120w,laptop
https://www.thegioididong.com/laptop/acer-aspire-a514-54-511g-i5-nxa28sv009,laptop
https://www.thegioididong.com/laptop/lenovo-ideapad-1-15amn7-r5-82vg0061vn,laptop
https://www.thegioididong.com/laptop/apple-macbook-pro-13-inch-m2-2022,laptop
https://www.thegioididong.com/laptop/dell-inspiron-15-3520-i5-n5i5122w1,laptop
https://www.thegioididong.com/laptop/acer-aspire-3-a315-57-379k-i3-nxkagsv001,laptop
https://www.thegioididong.com/laptop/acer-nitro-5-gaming-an515-45-r6ev-r5-nhqbmsv006,laptop
https://www.thegioididong.com/laptop/hp-15s-fq5147tu-i7-7c133pa,laptop
https://www.thegioididong.com/laptop/acer-aspire-3-a315-59-314f-i3-nxk6tsv002,laptop
https://www.thegioididong.com/laptop/msi-modern-14-b11mou-i3-1027vn,laptop
https://www.thegioididong.com/laptop/asus-vivobook-x515ma-n4020-br480w,laptop
https://www.thegioididong.com/laptop/dell-vostro-3400-i5-yx51w6,laptop
https://www.thegioididong.com/laptop/dell-gaming-g15-5511-i5-70266676,laptop
https://www.thegioididong.com/laptop/asus-vivobook-14x-oled-a1403za-i5-km065w,laptop
https://www.thegioididong.com/laptop/msi-modern-15-a11mu-i5-680vn,laptop
https://www.thegioididong.com/laptop/lenovo-ideapad-3-15itl6-i5-82h803cvvn,laptop
https://www.thegioididong.com/laptop/acer-aspire-3-a315-58-589k-i5-nxam0sv008,laptop
https://www.thegioididong.com/laptop/lenovo-ideapad-slim-5-light-14abr8-r5-82xs002kvn,laptop
https://www.thegioididong.com/laptop/hp-15s-fq5078tu-i5-6k798pa,laptop
https://www.thegioididong.com/laptop/msi-modern-14-c11m-i3-011vn,laptop
https://www.thegioididong.com/laptop/acer-aspire-3-a314-35-p3g9-n6000-nxa7ssv007,laptop
https://www.thegioididong.com/laptop/itel-able-1s-n4020-71006300027,laptop
https://www.thegioididong.com/laptop/dell-inspiron-16-5620-i7-n6i7110w1,laptop
https://www.thegioididong.com/laptop/acer-nitro-5-gaming-an515-57-5669-i5-nhqehsv001,laptop
https://www.thegioididong.com/laptop/asus-vivobook-14-x1402za-i5-ek083w,laptop
https://www.thegioididong.com/laptop/hp-245-g9-r5-6l1n9pa,laptop
https://www.thegioididong.com/laptop/acer-nitro-5-gaming-an515-57-553e-i5-nhqensv006,laptop
https://www.thegioididong.com/laptop/hp-pavilion-x360-14-ek0134tu-i5-7c0p8pa,laptop
https://www.thegioididong.com/laptop/msi-gaming-gf63-thin-11uc-i5-1230vn,laptop
https://www.thegioididong.com/laptop/lenovo-ideapad-3-15iau7-i5-82rk001pvn,laptop
https://www.thegioididong.com/laptop/lenovo-ideapad-3-15iau7-i3-82rk001mvn,laptop
https://www.thegioididong.com/laptop/hp-pavilion-15-eg2035tx-i5-6k781pa,laptop
https://www.thegioididong.com/laptop/msi-modern-15-a5m-r7-237vn,laptop
https://www.thegioididong.com/laptop/dell-vostro-5410-i5-v4i5214w1,laptop
https://www.thegioididong.com/laptop/hp-pavilion-14-dv2074tu-i5-7c0p3pa,laptop
https://www.thegioididong.com/laptop/acer-aspire-3-a315-58-52kt-i5-nxam0sv006,laptop
https://www.thegioididong.com/laptop/lenovo-ideapad-5-15ial7-i5-82sf005hvn,laptop
https://www.thegioididong.com/laptop/asus-vivobook-x515ea-i3-ej2953w,laptop
https://www.thegioididong.com/laptop/asus-rog-strix-gaming-g513ih-r7-hn015w,laptop
https://www.thegioididong.com/laptop/dell-inspiron-15-3511-i5-70270650,laptop
https://www.thegioididong.com/laptop/hp-15s-fq5162tu-i5-7c134pa,laptop
https://www.thegioididong.com/laptop/lenovo-ideapad-3-14aba7-r5-82rm003wvn,laptop
https://www.thegioididong.com/laptop/asus-tuf-gaming-fx517zc-i5-hn077w,laptop
https://www.thegioididong.com/laptop/asus-tuf-gaming-fx506hc-i5-hn144w,laptop
https://www.thegioididong.com/laptop/lenovo-ideapad-gaming-3-15iah7-i5-82s9007tvn,laptop
https://www.thegioididong.com/laptop/hp-pavilion-15-eg2056tu-i5-6k786pa,laptop
https://www.thegioididong.com/laptop/lenovo-ideapad-gaming-3-15ihu6-i5-82k101f3vn,laptop
https://www.thegioididong.com/laptop/lenovo-ideapad-5-14ial7-i5-82sd0060vn,laptop
https://www.thegioididong.com/laptop/dell-inspiron-15-3520-i3-i3u082w11blu,laptop
https://www.thegioididong.com/laptop/msi-gaming-gf63-thin-11uc-i7-1228vn,laptop
https://www.thegioididong.com/laptop/dell-vostro-5620-i5-v6i5001w1,laptop
https://www.thegioididong.com/laptop/hp-240-g9-i5-6l1y1pa,laptop
https://www.thegioididong.com/laptop/acer-aspire-3-a315-58-382z-i3-nxaddsv00k,laptop
https://www.thegioididong.com/laptop/lenovo-legion-5-15iah7-i5-82rc003wvn,laptop
https://www.thegioididong.com/laptop/asus-vivobook-15-oled-a1505va-i5-l1052w,laptop
https://www.thegioididong.com/laptop/hp-240-g9-i5-6l1y2pa,laptop
https://www.thegioididong.com/laptop/dell-vostro-3400-i5-70270645,laptop
https://www.thegioididong.com/laptop/msi-modern-14-c7m-r5-083vn,laptop
https://www.thegioididong.com/laptop/asus-vivobook-15-x1502za-i7-ej582w,laptop
https://www.thegioididong.com/laptop/hp-pavilion-14-dv2033tu-i5-6k769pa,laptop
https://www.thegioididong.com/laptop/hp-envy-x360-13-bf0090tu-i7-76b13pa,laptop
https://www.thegioididong.com/laptop/msi-gaming-cyborg-15-a12ucx-i5-281vn,laptop
https://www.thegioididong.com/laptop/asus-vivobook-14x-a1403za-i3-ly143w,laptop
https://www.thegioididong.com/laptop/acer-travelmate-b3-tmb311-31-c2hb-nxvnfsv006,laptop
https://www.thegioididong.com/laptop/hp-victus-15-fa0111tx-i5-7c0r4pa,laptop
https://www.thegioididong.com/laptop/acer-swift-3-sf314-512-56qn-i5-nxk0fsv002,laptop
https://www.thegioididong.com/laptop/hp-pavilion-15-eg2059tu-i5-6k789pa,laptop
https://www.thegioididong.com/laptop/asus-vivobook-x415ea-i3-ek1386w,laptop
https://www.thegioididong.com/laptop/hp-elitebook-630-g9-i7-6m146pa,laptop
https://www.thegioididong.com/laptop/lenovo-yoga-slim-7-pro-14ihu5-i5-82nh00amvn,laptop
https://www.thegioididong.com/laptop/asus-zenbook-14-oled-ux3402za-i5-km218w,laptop
https://www.thegioididong.com/laptop/lenovo-ideapad-5-pro-14iap7-i5-82sh000svn,laptop
https://www.thegioididong.com/laptop/asus-tuf-gaming-fx517ze-i5-hn045w,laptop
https://www.thegioididong.com/laptop/asus-vivobook-s-14-flip-tp3402va-i5-lz031w,laptop
https://www.thegioididong.com/laptop/asus-vivobook-14-x1402za-i3-ek249w,laptop
https://www.thegioididong.com/laptop/asus-rog-strix-scar-15-g533z-i7-ln2210w,laptop
https://www.thegioididong.com/laptop/asus-zenbook-14-flip-oled-up3404va-i7-kn039w,laptop
https://www.thegioididong.com/laptop/asus-vivobook-15-x1504va-i5-nj025w,laptop
https://www.thegioididong.com/laptop/apple-macbook-pro-14-m1-pro-2021-10-core-cpu,laptop
https://www.thegioididong.com/laptop/apple-pro-16-m1-pro-2021-10-core-cpu,laptop
https://www.thegioididong.com/laptop/macbook-pro-14-inch-m2-pro,laptop
https://www.thegioididong.com/laptop/asus-gaming-rog-strix-scar-18-g834jy-i9-n6039w,laptop
https://www.thegioididong.com/laptop/asus-gaming-rog-strix-scar-17-g733pz-r9-ll980w,laptop
https://www.thegioididong.com/laptop/asus-gaming-rog-zephyrus-m16-gu604vi-i9-nm779w,laptop
https://www.thegioididong.com/laptop/macbook-pro-16-inch-m2-pro,laptop
https://www.thegioididong.com/laptop/hp-envy-16-h0205tx-i9-7c0t2pa,laptop
https://www.thegioididong.com/laptop/msi-creator-z16p-b12ugst-i7-050vn,laptop
https://www.thegioididong.com/laptop/asus-gaming-rog-strix-g16-g614ji-i7-n4084w,laptop
https://www.thegioididong.com/laptop/hp-omen-16-n0085ax-r9-7c144pa,laptop
https://www.thegioididong.com/laptop/msi-gaming-gs66-stealth-11ug-i7-219vn,laptop
https://www.thegioididong.com/laptop/lg-gram-2023-i7-17z90rgah78a5,laptop
https://www.thegioididong.com/laptop/dell-gaming-alienware-m15-r6-i7-p109f001dbl,laptop
https://www.thegioididong.com/laptop/hp-elitebook-dragonfly-g3-i7-6z980pa,laptop
https://www.thegioididong.com/laptop/lg-gram-2023-i7-16z90rgah76a5,laptop
https://www.thegioididong.com/laptop/hp-envy-16-h0207tx-i7-7c0t4pa,laptop
https://www.thegioididong.com/laptop/hp-omen-16-n0087ax-r7-7c0t7pa,laptop
https://www.thegioididong.com/laptop/asus-gaming-rog-strix-g17-g713r-r9-ll178w,laptop
https://www.thegioididong.com/laptop/hp-elitebook-x360-1040-g9-i7-6z982pa,laptop
https://www.thegioididong.com/laptop/surface-pro-9-i7,laptop
https://www.thegioididong.com/laptop/lenovo-thinkpad-x1-carbon-gen-10-i7-21cb00a8vn,laptop
https://www.thegioididong.com/laptop/asus-gaming-rog-zephyrus-g14-ga402rj-r7-l8030w,laptop
https://www.thegioididong.com/laptop/asus-gaming-rog-zephyrus-g16-gu603vu-i7-n3898w,laptop
https://www.thegioididong.com/laptop/asus-gaming-rog-strix-g15-g513r-r9-hq152w,laptop
https://www.thegioididong.com/laptop/asus-gaming-rog-strix-g16-g614ju-i7-n3777w,laptop
https://www.thegioididong.com/laptop/apple-macbook-air-m2-2022-16gb,laptop
https://www.thegioididong.com/laptop/asus-tuf-gaming-f15-fx507vv4-i9-lp382w,laptop
https://www.thegioididong.com/laptop/lg-gram-2023-i7-14z90rgah75a5,laptop
https://www.thegioididong.com/laptop/lg-gram-style-2023-i5-14z90rsgah54a5,laptop
https://www.thegioididong.com/laptop/apple-macbook-pro-m2-2022-16gb,laptop
https://www.thegioididong.com/laptop/asus-gaming-rog-strix-g16-g614ju-i5-n3135w,laptop
https://www.thegioididong.com/laptop/asus-rog-strix-gaming-g513rm-r7-hq055w,laptop
https://www.thegioididong.com/laptop/lg-gram-2022-i7-17z90qgah78a5,laptop
https://www.thegioididong.com/laptop/apple-macbook-pro-2020-z11c,laptop
https://www.thegioididong.com/laptop/msi-summit-e14-flip-evo-a12mt-i7-210vn,laptop
https://www.thegioididong.com/laptop/msi-gaming-katana-15-b13vek-i7-252vn,laptop
https://www.thegioididong.com/laptop/lenovo-yoga-duet-7-13itl6-i7-82ma009pvn,laptop
https://www.thegioididong.com/laptop/asus-tuf-gaming-f15-fx507zu4-i7-lp520w,laptop
https://www.thegioididong.com/laptop/lg-gram-2023-i5-14z90rgah53a5,laptop
https://www.thegioididong.com/laptop/apple-macbook-air-m1-2020-8-core-gpu,laptop
https://www.thegioididong.com/laptop/lenovo-yoga-7-14ial7-i7-82qe000qvn,laptop
https://www.thegioididong.com/laptop/msi-summit-e14-evo-a12m-i7-211vn,laptop
https://www.thegioididong.com/laptop/msi-gaming-cyborg-15-a12vf-i7-267vn,laptop
https://www.thegioididong.com/laptop/lg-gram-2022-i7-16z90qgah76a5,laptop
https://www.thegioididong.com/laptop/asus-zenbook-14-flip-oled-up3404va-i5-kn038w,laptop
https://www.thegioididong.com/laptop/lenovo-yoga-7-14ial7-i5-82qe000rvn,laptop
https://www.thegioididong.com/laptop/lenovo-yoga-slim-7-pro-14ihu5-i7-82nh00alvn,laptop
https://www.thegioididong.com/laptop/acer-nitro-5-tiger-an515-58-773y-i7-nhqfksv001,laptop
https://www.thegioididong.com/laptop/asus-zenbook-14-oled-ux3402za-i7-km221w,laptop
https://www.thegioididong.com/laptop/asus-vivobook-pro-15-oled-k6502z-i7-ma036w,laptop
https://www.thegioididong.com/laptop/lenovo-yoga-slim-7-pro-14iah7-i7-82ut006cvn,laptop
https://www.thegioididong.com/laptop/msi-cyborg-15-a12ve-i7-240vn,laptop
https://www.thegioididong.com/laptop/dell-inspiron-5430-i5-i5p165w11sld2,laptop
https://www.thegioididong.com/laptop/lenovo-ideapad-gaming-3-15iah7-i7-82s9007uvn,laptop
https://www.thegioididong.com/laptop/asus-tuf-gaming-fx507z-i7-hn093w,laptop
https://www.thegioididong.com/laptop/hp-victus-16-e1102ax-r7-7c139pa,laptop
https://www.thegioididong.com/laptop/asus-tuf-gaming-fx507zc-i7-hn124w,laptop
https://www.thegioididong.com/laptop/lenovo-yoga-slim-7-carbon-13itl5-i5-82nh00avvn,laptop
https://www.thegioididong.com/laptop/asus-zenbook-14-oled-ux3402va-i5-km085w,laptop
https://www.thegioididong.com/laptop/lenovo-yoga-slim-7-carbon-13itl5-i7-82ev00awvn,laptop
https://www.thegioididong.com/laptop/hp-envy-x360-13-bf0095tu-i5-76b15pa,laptop
https://www.thegioididong.com/laptop/asus-vivobook-pro-15-k6502z-i5-ma025w,laptop
https://www.thegioididong.com/laptop/lenovo-thinkpad-e15-gen-4-i7-21e600cpvn,laptop
https://www.thegioididong.com/laptop/asus-tuf-gaming-fx506hm-i7-hn366w,laptop
https://www.thegioididong.com/laptop/lenovo-yoga-duet-7-13itl6-i5-82ma009nvn,laptop
https://www.thegioididong.com/laptop/hp-victus-15-fa0155tx-i5-81p00pa,laptop
https://www.thegioididong.com/laptop/acer-nitro-5-gaming-an515-45-r86d-r7-nhqbcsv005,laptop
https://www.thegioididong.com/laptop/dell-latitude-3520-i5-70251593,laptop
https://www.thegioididong.com/laptop/dell-inspiron-16-5620-i5p165w11slu,laptop
https://www.thegioididong.com/laptop/hp-pavilion-x360-14-ek0132tu-i7-7c0w4pa,laptop
https://www.thegioididong.com/laptop/dell-inspiron-16-5620-i7-n6i7009w1,laptop
https://www.thegioididong.com/laptop/acer-nitro-5-tiger-an515-58-52sp-i5-nhqfhsv001,laptop
https://www.thegioididong.com/laptop/hp-pavilion-x360-14-ek1049tu-i5-80r27pa,laptop
https://www.thegioididong.com/laptop/dell-vostro-5630-i5-i5p085w11gru,laptop
https://www.thegioididong.com/laptop/dell-vostro-5620-i5-70282719,laptop
https://www.thegioididong.com/laptop/lenovo-yoga-slim-7-pro-14ihu5-i5-82nh00bevn,laptop
https://www.thegioididong.com/laptop/hp-pavilion-15-eg2088tu-i7-7c0r0pa,laptop
https://www.thegioididong.com/laptop/acer-nitro-5-gaming-an515-57-720a-i7-nhqeqsv004,laptop
https://www.thegioididong.com/laptop/hp-pavilion-15-eg2034tx-i7-6k780pa,laptop
https://www.thegioididong.com/laptop/lenovo-ideapad-5-pro-14iap7-i7-82sh002svn,laptop
https://www.thegioididong.com/laptop/dell-vostro-5620-i5-70296963,laptop
https://www.thegioididong.com/laptop/hp-pavilion-x360-14-ek1048tu-i5-80r26pa,laptop
https://www.thegioididong.com/laptop/msi-gaming-gf65-thin-10ue-i5-286vn,laptop
https://www.thegioididong.com/laptop/dell-vostro-3400-i7-v4i7015w1,laptop
https://www.thegioididong.com/laptop/asus-vivobook-15-x1504va-nj023w,laptop
https://www.thegioididong.com/laptop/asus-expertbook-b5402cb-i5-ki0353w,laptop
https://www.thegioididong.com/laptop/dell-inspiron-14-5420-i5-i5u085w11slu,laptop
https://www.thegioididong.com/laptop/msi-modern-14-c13m-i7-607vn,laptop
https://www.thegioididong.com/laptop/hp-elitebook-630-g9-i5-6m143pa,laptop
https://www.thegioididong.com/laptop/asus-tuf-gaming-f15-fx506hf-i5-hn014w,laptop
https://www.thegioididong.com/laptop/lenovo-ideapad-gaming-3-15arh7-r5-82sb007lvn,laptop
https://www.thegioididong.com/laptop/hp-pavilion-15-eg2036tx-i5-6k782pa,laptop
https://www.thegioididong.com/laptop/hp-probook-450-g9-i5-6m0y9pa,laptop
https://www.thegioididong.com/laptop/lenovo-thinkbook-14-g4-iap-i5-21dh00b5vn,laptop
https://www.thegioididong.com/laptop/msi-gaming-gf63-thin-11uc-i5-445vn,laptop
https://www.thegioididong.com/laptop/acer-aspire-7-gaming-a715-43g-r8ga-r5-nhqhdsv002,laptop
https://www.thegioididong.com/laptop/dell-inspiron-15-5515-r7-n5r75700u104w1,laptop
https://www.thegioididong.com/laptop/asus-zenbook-ux325ea-i5-kg656w,laptop
https://www.thegioididong.com/laptop/dell-inspiron-16-5620-i5-p1wkn,laptop
https://www.thegioididong.com/laptop/acer-swift-3-sf314-511-55qe-i5-nxabnsv003,laptop
https://www.thegioididong.com/laptop/dell-vostro-15-3520-i5-5m2tt2,laptop
https://www.thegioididong.com/laptop/asus-vivobook-14-x1404va-i5-nk123w,laptop
https://www.thegioididong.com/laptop/msi-modern-15-b13m-i5-438vn,laptop
https://www.thegioididong.com/laptop/hp-15s-fq5077tu-i7-6k797pa,laptop
https://www.thegioididong.com/laptop/dell-inspiron-15-3520-i5u085w11blu,laptop
https://www.thegioididong.com/laptop/hp-pavilion-x360-14-dy0161tu-i3-4y1d2pa,laptop
https://www.thegioididong.com/laptop/hp-pavilion-15-eg2085tu-i5-7c0q7pa,laptop
https://www.thegioididong.com/laptop/lenovo-ideapad-3-15itl6-i5-82h801p9vn,laptop
https://www.thegioididong.com/laptop/acer-aspire-3-a315-58-787c-i7-nxaddsv00j,laptop
https://www.thegioididong.com/laptop/acer-aspire-7-gaming-a715-75g-58u4-i5-nhq97sv004,laptop
https://www.thegioididong.com/laptop/lenovo-ideapad-3-15itl6-i7-82h803cuvn,laptop
https://www.thegioididong.com/laptop/hp-pavilion-x360-14-ek0059tu-i3-6k7e1pa,laptop
https://www.thegioididong.com/laptop/acer-aspire-3-a315-59-5283-i5-nxk6tsv00b,laptop
https://www.thegioididong.com/laptop/acer-aspire-a514-54-5127-i5-nxa28sv007,laptop
https://www.thegioididong.com/laptop/asus-vivobook-14-a1405va-i3-ly097w,laptop
https://www.thegioididong.com/laptop/hp-pavilion-15-eg2086tu-i3-7c0q8pa,laptop
https://www.thegioididong.com/laptop/hp-pavilion-15-eg2062tu-i3-6k790pa,laptop
https://www.thegioididong.com/laptop/lenovo-v15-g3-iap-i5-82tt0064vn,laptop
https://www.thegioididong.com/laptop/asus-vivobook-15x-oled-a1503za-i3-l1152w,laptop
https://www.thegioididong.com/laptop/itel-spirit-2-i5-71006300202,laptop
https://www.thegioididong.com/laptop/dell-vostro-3520-i3-v5i3614w1,laptop
https://www.thegioididong.com/laptop/dell-inspiron-15-3511-i3-p112f001cbl,laptop
https://www.thegioididong.com/laptop/lenovo-v14-g3-iap-i5-82ts005rvn,laptop
https://www.thegioididong.com/laptop/msi-modern-15-a5m-r5-236vn,laptop
https://www.thegioididong.com/laptop/acer-aspire-3-a315-59-38pg-i3-nxk6tsv00a,laptop
https://www.thegioididong.com/laptop/asus-vivobook-x515ea-i3-ej3948w,laptop
https://www.thegioididong.com/laptop/itel-spirit-2-i3-71006300240,laptop
https://www.thegioididong.com/laptop/chuwi-corebook-x-i5-8259u,laptop
https://www.thegioididong.com/laptop/itel-spirit-1-i5-71006300036,laptop
https://www.thegioididong.com/laptop/chuwi-gemibook-j4125,laptop
https://www.thegioididong.com/laptop/masstel-e140-n4120,laptop
https://www.thegioididong.com/laptop/chuwi-larkbook-x-n5100,laptop
https://www.thegioididong.com/laptop/itel-spirit-1-i3-71006300035,laptop
https://www.thegioididong.com/laptop/masstel-e116-n4020,laptop
https://www.thegioididong.com/dtdd/samsung-galaxy-a24,dienthoai
https://www.thegioididong.com/dtdd/oppo-find-n2-flip,dienthoai
https://www.thegioididong.com/dtdd/iphone-14-pro-max,dienthoai
https://www.thegioididong.com/dtdd/iphone-14-pro,dienthoai
https://www.thegioididong.com/dtdd/samsung-galaxy-s21-fe-6gb,dienthoai
https://www.thegioididong.com/dtdd/xiaomi-redmi-12c-64gb,dienthoai
https://www.thegioididong.com/dtdd/samsung-galaxy-s23-ultra,dienthoai
https://www.thegioididong.com/dtdd/iphone-11,dienthoai
https://www.thegioididong.com/dtdd/xiaomi-redmi-note-12-4g,dienthoai
https://www.thegioididong.com/dtdd/vivo-y35-2022,dienthoai
https://www.thegioididong.com/dtdd/oppo-reno8-t-5g-256gb,dienthoai
https://www.thegioididong.com/dtdd/realme-c55,dienthoai
https://www.thegioididong.com/dtdd/samsung-galaxy-a23,dienthoai
https://www.thegioididong.com/dtdd/samsung-galaxy-s20-fan-edition,dienthoai
https://www.thegioididong.com/dtdd/iphone-14,dienthoai
https://www.thegioididong.com/dtdd/vivo-v25,dienthoai
https://www.thegioididong.com/dtdd/realme-c30s-2gb,dienthoai
https://www.thegioididong.com/dtdd/samsung-galaxy-s23-plus,dienthoai
https://www.thegioididong.com/dtdd/iphone-14-plus,dienthoai
https://www.thegioididong.com/dtdd/samsung-galaxy-z-fold4,dienthoai
https://www.thegioididong.com/dtdd/xiaomi-12t,dienthoai
https://www.thegioididong.com/dtdd/xiaomi-redmi-a1,dienthoai
https://www.thegioididong.com/dtdd/vivo-y16-64gb,dienthoai
https://www.thegioididong.com/dtdd/oppo-reno8-pro,dienthoai
https://www.thegioididong.com/dtdd/oppo-a55-4g,dienthoai
https://www.thegioididong.com/dtdd/iphone-13-mini,dienthoai
https://www.thegioididong.com/dtdd/vivo-y02s-32gb,dienthoai
https://www.thegioididong.com/dtdd/realme-10,dienthoai
https://www.thegioididong.com/dtdd/nokia-c21-plus,dienthoai
https://www.thegioididong.com/dtdd/samsung-galaxy-a04s,dienthoai
https://www.thegioididong.com/dtdd/vivo-y21,dienthoai
https://www.thegioididong.com/dtdd/oppo-find-x5-pro,dienthoai
https://www.thegioididong.com/dtdd/samsung-galaxy-s23-5g,dienthoai
https://www.thegioididong.com/dtdd/xiaomi-13,dienthoai
https://www.thegioididong.com/dtdd/samsung-galaxy-s22-ultra,dienthoai
https://www.thegioididong.com/dtdd/samsung-galaxy-z-flip4,dienthoai
https://www.thegioididong.com/dtdd/samsung-galaxy-s22-plus,dienthoai
https://www.thegioididong.com/dtdd/iphone-13,dienthoai
https://www.thegioididong.com/dtdd/iphone-12,dienthoai
https://www.thegioididong.com/dtdd/oppo-reno6-pro-5g,dienthoai
https://www.thegioididong.com/dtdd/samsung-galaxy-s22,dienthoai
https://www.thegioididong.com/dtdd/vivo-v25-pro-5g,dienthoai
https://www.thegioididong.com/dtdd/samsung-galaxy-m53,dienthoai
https://www.thegioididong.com/dtdd/samsung-galaxy-a73,dienthoai
https://www.thegioididong.com/dtdd/xiaomi-redmi-note-12-pro-5g,dienthoai
https://www.thegioididong.com/dtdd/samsung-galaxy-a54-5g-128gb,dienthoai
https://www.thegioididong.com/dtdd/vivo-v27e,dienthoai
https://www.thegioididong.com/dtdd/oppo-reno8-t,dienthoai
https://www.thegioididong.com/dtdd/samsung-galaxy-a34-5g-128gb,dienthoai
https://www.thegioididong.com/dtdd/realme-9-pro-plus,dienthoai
https://www.thegioididong.com/dtdd/oppo-reno7-z,dienthoai
https://www.thegioididong.com/dtdd/samsung-galaxy-a53,dienthoai
https://www.thegioididong.com/dtdd/xiaomi-redmi-note-12-pro-4g,dienthoai
https://www.thegioididong.com/dtdd/xiaomi-redmi-note-11-pro-5g,dienthoai
https://www.thegioididong.com/dtdd/xiaomi-redmi-note-12s,dienthoai
https://www.thegioididong.com/dtdd/oppo-a77s,dienthoai
https://www.thegioididong.com/dtdd/oppo-a96-4g,dienthoai
https://www.thegioididong.com/dtdd/samsung-galaxy-a33,dienthoai
https://www.thegioididong.com/dtdd/oppo-a95-4g,dienthoai
https://www.thegioididong.com/dtdd/vivo-v23e,dienthoai
https://www.thegioididong.com/dtdd/samsung-galaxy-a23-5g,dienthoai
https://www.thegioididong.com/dtdd/oppo-a76-4g,dienthoai
https://www.thegioididong.com/dtdd/vivo-y55-2022,dienthoai
https://www.thegioididong.com/dtdd/xiaomi-redmi-note-11s,dienthoai
https://www.thegioididong.com/dtdd/vivo-t1x,dienthoai
https://www.thegioididong.com/dtdd/samsung-galaxy-a14-5g,dienthoai
https://www.thegioididong.com/dtdd/vivo-y33s,dienthoai
https://www.thegioididong.com/dtdd/realme-9i,dienthoai
https://www.thegioididong.com/dtdd/vivo-y22s-4gb,dienthoai
https://www.thegioididong.com/dtdd/oppo-a57-4g,dienthoai
https://www.thegioididong.com/dtdd/oppo-a17,dienthoai
https://www.thegioididong.com/dtdd/samsung-galaxy-a13-4g,dienthoai
https://www.thegioididong.com/dtdd/nokia-g22,dienthoai
https://www.thegioididong.com/dtdd/samsung-galaxy-a14,dienthoai
https://www.thegioididong.com/dtdd/realme-c35,dienthoai
https://www.thegioididong.com/dtdd/oppo-a17k,dienthoai
https://www.thegioididong.com/dtdd/oppo-a16,dienthoai
https://www.thegioididong.com/dtdd/xiaomi-redmi-a2-plus,dienthoai
https://www.thegioididong.com/dtdd/vivo-y02a,dienthoai
https://www.thegioididong.com/dtdd/samsung-galaxy-a04,dienthoai
https://www.thegioididong.com/dtdd/nokia-c31-3gb,dienthoai
https://www.thegioididong.com/dtdd/realme-c33-3gb,dienthoai
https://www.thegioididong.com/dtdd/vivo-y01,dienthoai
https://www.thegioididong.com/dtdd/vivo-y02,dienthoai
https://www.thegioididong.com/dtdd/xiaomi-redmi-10a,dienthoai
https://www.thegioididong.com/dtdd/itel-l6502,dienthoai
https://www.thegioididong.com/dtdd/nokia-8210-4g,dienthoai
https://www.thegioididong.com/dtdd/itel-l6006,dienthoai
https://www.thegioididong.com/dtdd/nokia-215,dienthoai
https://www.thegioididong.com/dtdd/mobell-rock-4,dienthoai
https://www.thegioididong.com/dtdd/masstel-lux-20,dienthoai
https://www.thegioididong.com/dtdd/nokia-110-4g,dienthoai
https://www.thegioididong.com/dtdd/mobell-f309,dienthoai
https://www.thegioididong.com/dtdd/masstel-fami-60,dienthoai
https://www.thegioididong.com/dtdd/mobell-m539,dienthoai
https://www.thegioididong.com/dtdd/nokia-105-4g,dienthoai
https://www.thegioididong.com/dtdd/itel-it9210,dienthoai
https://www.thegioididong.com/dtdd/mobell-f209,dienthoai
https://www.thegioididong.com/dtdd/masstel-fami-12-4g,dienthoai
https://www.thegioididong.com/dtdd/masstel-izi-26-4g,dienthoai
https://www.thegioididong.com/dtdd/masstel-izi-26-4g,dienthoai
https://www.thegioididong.com/dtdd/itel-it9010,dienthoai
https://www.thegioididong.com/dtdd/masstel-lux-10,dienthoai
https://www.thegioididong.com/dtdd/mobell-m239,dienthoai
https://www.thegioididong.com/dtdd/masstel-izi-10-4g,dienthoai
https://www.thegioididong.com/laptop/hp-pavilion-15-eg2066tu-i7-6k7e2pa,laptop
https://www.thegioididong.com/laptop/lenovo-thinkbook-14s-g2-itl-i5-20va003nvn,laptop
https://www.thegioididong.com/may-tinh-bang/ipad-gen-9,tablet
https://www.thegioididong.com/may-tinh-bang/ipad-gen-10,tablet
https://www.thegioididong.com/may-tinh-bang/ipad-pro-m1-11-inch-wifi-2tb-2021,tablet
https://www.thegioididong.com/may-tinh-bang/ipad-mini-6,tablet
https://www.thegioididong.com/may-tinh-bang/ipad-pro-m1-129-inch-wifi-cellular-128gb-2021,tablet
https://www.thegioididong.com/may-tinh-bang/samsung-galaxy-tab-a8,tablet
https://www.thegioididong.com/may-tinh-bang/lenovo-tab-m8,tablet
https://www.thegioididong.com/may-tinh-bang/samsung-galaxy-tab-a7-lite,tablet
https://www.thegioididong.com/may-tinh-bang/samsung-galaxy-tab-s8-ultra,tablet
https://www.thegioididong.com/may-tinh-bang/samsung-galaxy-tab-s7-fan-editon,tablet
https://www.thegioididong.com/may-tinh-bang/ipad-pro-m1-11-inch-wifi-cellular-2tb-2021,tablet
https://www.thegioididong.com/may-tinh-bang/ipad-pro-m1-129-inch-wifi-128gb-2021,tablet
https://www.thegioididong.com/may-tinh-bang/ipad-pro-m2-11-inch,tablet
https://www.thegioididong.com/may-tinh-bang/ipad-mini-6-wifi-cellular-64gb,tablet
https://www.thegioididong.com/may-tinh-bang/ipad-air-5,tablet
https://www.thegioididong.com/may-tinh-bang/ipad-10-wifi-cellular-64gb,tablet
https://www.thegioididong.com/may-tinh-bang/ipad-9-wifi-cellular-64gb,tablet
https://www.thegioididong.com/may-tinh-bang/lenovo-yoga-tab-11,tablet
https://www.thegioididong.com/may-tinh-bang/oppo-pad-air-128gb,tablet
https://www.thegioididong.com/may-tinh-bang/lenovo-tab-p11-plus,tablet
https://www.thegioididong.com/may-tinh-bang/oppo-pad-air,tablet
https://www.thegioididong.com/may-tinh-bang/xiaomi-redmi-pad-4gb,tablet
https://www.thegioididong.com/may-tinh-bang/xiaomi-redmi-pad,tablet
https://www.thegioididong.com/may-tinh-bang/lenovo-tab-m10-gen-3,tablet
https://www.thegioididong.com/may-tinh-bang/lenovo-tab-m10-gen-2,tablet
https://www.thegioididong.com/may-tinh-bang/nokia-tab-t20-wifi,tablet
https://www.thegioididong.com/may-tinh-bang/masstel-tab-10a,tablet
https://www.thegioididong.com/may-tinh-bang/masstel-tab-10s,tablet
https://www.thegioididong.com/may-tinh-bang/masstel-tab-82,tablet
https://www.thegioididong.com/laptop/apple-macbook-air-2020-mgn63saa?code=0220042001279,laptop
https://www.thegioididong.com/laptop/apple-macbook-air-2020-mgn63saa?code=0220042001280,laptop
https://www.thegioididong.com/laptop/apple-macbook-air-2020-mgn63saa?code=0220042001281,laptop
https://www.thegioididong.com/laptop/apple-macbook-air-m2-2022-10-core-gpu,laptop
https://www.thegioididong.com/laptop/apple-macbook-pro-m2-2022,laptop
https://www.thegioididong.com/laptop/apple-macbook-pro-14-m1-pro-2021-10-core-cpu?code=0220042001643,laptop
https://www.thegioididong.com/laptop/apple-macbook-pro-14-m1-pro-2021-10-core-cpu?code=0220042001644,laptop
https://www.thegioididong.com/laptop/apple-macbook-pro-16-m1-pro-2021-10-core-cpu,laptop
https://www.thegioididong.com/laptop/apple-macbook-air-m2-2022-16gb?code=0220042002083,laptop
https://www.thegioididong.com/laptop/apple-macbook-air-m2-2022-16gb?code=0220042002084,laptop
https://www.thegioididong.com/laptop/apple-macbook-pro-m2-2022-16gb?code=0220042002005,laptop
https://www.thegioididong.com/laptop/apple-macbook-pro-m2-2022-16gb?code=0220042002004,laptop
https://www.thegioididong.com/laptop/apple-macbook-air-m1-2020-8-core-gpu?code=0220042001741,laptop
https://www.thegioididong.com/laptop/apple-macbook-air-m1-2020-8-core-gpu?code=0220042001740,laptop
https://www.thegioididong.com/laptop/apple-macbook-air-m1-2020-8-core-gpu?code=0220042001742,laptop
https://www.thegioididong.com/dtdd/oppo-find-n2-flip?code=0131491003687,dienthoai
https://www.thegioididong.com/dtdd/oppo-find-n2-flip?code=0131491003686,dienthoai
https://www.thegioididong.com/dtdd/iphone-14-pro-max-256gb,dienthoai
https://www.thegioididong.com/dtdd/iphone-14-pro-max-512gb,dienthoai
https://www.thegioididong.com/dtdd/iphone-14-pro-max-1tb,dienthoai
https://www.thegioididong.com/dtdd/iphone-14-pro-256gb,dienthoai
https://www.thegioididong.com/dtdd/iphone-14-pro-512gb,dienthoai
https://www.thegioididong.com/dtdd/samsung-galaxy-s21-fe,dienthoai
https://www.thegioididong.com/dtdd/samsung-galaxy-s21-fe-256gb,dienthoai
https://www.thegioididong.com/dtdd/xiaomi-redmi-12c,dienthoai
https://www.thegioididong.com/dtdd/samsung-galaxy-s23-ultra-5g-512gb,dienthoai
https://www.thegioididong.com/dtdd/samsung-galaxy-s23-ultra-5g-1tb,dienthoai
https://www.thegioididong.com/dtdd/iphone-11-128gb,dienthoai
https://www.thegioididong.com/dtdd/xiaomi-redmi-note-12-4gb,dienthoai
https://www.thegioididong.com/dtdd/vivo-y35-2022?code=0131491003559,dienthoai
https://www.thegioididong.com/dtdd/vivo-y35-2022?code=0131491003560,dienthoai
https://www.thegioididong.com/dtdd/oppo-reno8-t-5g,dienthoai
https://www.thegioididong.com/dtdd/realme-c55-8gb,dienthoai
https://www.thegioididong.com/dtdd/samsung-galaxy-a23-6gb,dienthoai
https://www.thegioididong.com/dtdd/samsung-galaxy-s20-fan-edition?code=0131491002524,dienthoai
https://www.thegioididong.com/dtdd/samsung-galaxy-s20-fan-edition?code=0131491002523,dienthoai
https://www.thegioididong.com/dtdd/iphone-14-256gb,dienthoai
https://www.thegioididong.com/dtdd/iphone-14-512gb,dienthoai
https://www.thegioididong.com/dtdd/vivo-v25e,dienthoai
https://www.thegioididong.com/dtdd/realme-c30s-4gb,dienthoai
https://www.thegioididong.com/dtdd/realme-c30s-3gb-64gb,dienthoai
https://www.thegioididong.com/dtdd/samsung-galaxy-s23-plus-5g-512gb,dienthoai
https://www.thegioididong.com/dtdd/iphone-14-plus-256gb,dienthoai
https://www.thegioididong.com/dtdd/samsung-galaxy-z-fold4-5g-512gb,dienthoai
https://www.thegioididong.com/dtdd/xiaomi-12t?code=0131491003509,dienthoai
https://www.thegioididong.com/dtdd/xiaomi-12t?code=0131491003508,dienthoai
https://www.thegioididong.com/dtdd/xiaomi-12t?code=0131491003510,dienthoai
https://www.thegioididong.com/dtdd/xiaomi-redmi-a1?code=0131491003517,dienthoai
https://www.thegioididong.com/dtdd/xiaomi-redmi-a1?code=0131491003516,dienthoai
https://www.thegioididong.com/dtdd/xiaomi-redmi-a1?code=0131491003518,dienthoai
https://www.thegioididong.com/dtdd/vivo-y16,dienthoai
https://www.thegioididong.com/dtdd/oppo-reno8-4g,dienthoai
https://www.thegioididong.com/dtdd/oppo-reno8,dienthoai
https://www.thegioididong.com/dtdd/oppo-reno8-z-5g,dienthoai
https://www.thegioididong.com/dtdd/oppo-a55-4g?code=0131491003124,dienthoai
https://www.thegioididong.com/dtdd/oppo-a55-4g?code=0131491002842,dienthoai
https://www.thegioididong.com/dtdd/vivo-y02s-64gb,dienthoai
https://www.thegioididong.com/dtdd/realme-10?code=0131491003595,dienthoai
https://www.thegioididong.com/dtdd/realme-10?code=0131491003596,dienthoai
https://www.thegioididong.com/dtdd/nokia-c21-plus-32gb,dienthoai
https://www.thegioididong.com/dtdd/samsung-galaxy-a04s?code=0131491003485,dienthoai
https://www.thegioididong.com/dtdd/samsung-galaxy-a04s?code=0131491003483,dienthoai
https://www.thegioididong.com/dtdd/samsung-galaxy-a04s?code=0131491003484,dienthoai
https://www.thegioididong.com/dtdd/vivo-y21s-6gb,dienthoai
https://www.thegioididong.com/dtdd/vivo-y21s,dienthoai
https://www.thegioididong.com/dtdd/oppo-find-x5-pro?code=0131491003199,dienthoai
https://www.thegioididong.com/dtdd/oppo-find-x5-pro?code=0131491003200,dienthoai
https://www.thegioididong.com/dtdd/samsung-galaxy-s23-5g-256gb,dienthoai
https://www.thegioididong.com/dtdd/xiaomi-13-lite-5g,dienthoai
https://www.thegioididong.com/dtdd/xiaomi-13-pro,dienthoai
https://www.thegioididong.com/dtdd/samsung-galaxy-s22-ultra-256gb,dienthoai
https://www.thegioididong.com/dtdd/samsung-galaxy-s22-ultra-512gb,dienthoai
https://www.thegioididong.com/dtdd/samsung-galaxy-z-flip4-5g-256gb,dienthoai
https://www.thegioididong.com/dtdd/samsung-galaxy-z-flip4-5g-512gb,dienthoai
https://www.thegioididong.com/dtdd/samsung-galaxy-s22-plus-256gb,dienthoai
https://www.thegioididong.com/dtdd/iphone-13-256gb,dienthoai
https://www.thegioididong.com/dtdd/iphone-12-128gb,dienthoai
https://www.thegioididong.com/dtdd/samsung-galaxy-s22-256gb,dienthoai
https://www.thegioididong.com/dtdd/vivo-v25-pro-5g?code=0131491003577,dienthoai
https://www.thegioididong.com/dtdd/vivo-v25-pro-5g?code=0131491003578,dienthoai
https://www.thegioididong.com/dtdd/samsung-galaxy-m53?code=0131491003165,dienthoai
https://www.thegioididong.com/dtdd/samsung-galaxy-m53?code=0131491003163,dienthoai
https://www.thegioididong.com/dtdd/samsung-galaxy-m53?code=0131491003164,dienthoai
https://www.thegioididong.com/dtdd/samsung-galaxy-a73?code=0131491003071,dienthoai
https://www.thegioididong.com/dtdd/samsung-galaxy-a73?code=0131491003046,dienthoai
https://www.thegioididong.com/dtdd/samsung-galaxy-a73?code=0131491003072,dienthoai
https://www.thegioididong.com/dtdd/xiaomi-redmi-note-12-pro-5g?code=0131491003684,dienthoai
https://www.thegioididong.com/dtdd/xiaomi-redmi-note-12-pro-5g?code=0131491003683,dienthoai
https://www.thegioididong.com/dtdd/xiaomi-redmi-note-12-pro-5g?code=0131491003685,dienthoai
https://www.thegioididong.com/dtdd/samsung-galaxy-a54,dienthoai
https://www.thegioididong.com/dtdd/oppo-reno8-t?code=0131491003628,dienthoai
https://www.thegioididong.com/dtdd/oppo-reno8-t?code=0131491003629,dienthoai
https://www.thegioididong.com/dtdd/samsung-galaxy-a34,dienthoai
https://www.thegioididong.com/dtdd/oppo-reno7-4g,dienthoai
https://www.thegioididong.com/dtdd/oppo-reno7-pro,dienthoai
https://www.thegioididong.com/dtdd/oppo-reno7,dienthoai
https://www.thegioididong.com/dtdd/samsung-galaxy-a53?code=0131491003045,dienthoai
https://www.thegioididong.com/dtdd/samsung-galaxy-a53?code=0131491003064,dienthoai
https://www.thegioididong.com/dtdd/samsung-galaxy-a53?code=0131491003065,dienthoai
https://www.thegioididong.com/dtdd/samsung-galaxy-a53?code=0131491003066,dienthoai
https://www.thegioididong.com/dtdd/oppo-a77s?code=0131491003536,dienthoai
https://www.thegioididong.com/dtdd/oppo-a77s?code=0131491003537,dienthoai
https://www.thegioididong.com/dtdd/oppo-a96-4g?code=0131491003256,dienthoai
https://www.thegioididong.com/dtdd/oppo-a96-4g?code=0131491003257,dienthoai
https://www.thegioididong.com/dtdd/samsung-galaxy-a33?code=0131491003058,dienthoai
https://www.thegioididong.com/dtdd/samsung-galaxy-a33?code=0131491003057,dienthoai
https://www.thegioididong.com/dtdd/samsung-galaxy-a33?code=0131491003059,dienthoai
https://www.thegioididong.com/dtdd/oppo-a95-4g?code=0131491002870,dienthoai
https://www.thegioididong.com/dtdd/oppo-a95-4g?code=0131491002869,dienthoai
https://www.thegioididong.com/dtdd/samsung-galaxy-a23-5g-6gb,dienthoai
https://www.thegioididong.com/dtdd/oppo-a76-4g?code=0131491003021,dienthoai
https://www.thegioididong.com/dtdd/oppo-a76-4g?code=0131491003022,dienthoai
https://www.thegioididong.com/dtdd/vivo-y55-2022?code=0131491003196,dienthoai
https://www.thegioididong.com/dtdd/vivo-y55-2022?code=0131491003197,dienthoai
https://www.thegioididong.com/dtdd/xiaomi-redmi-note-11s?code=0131491002960,dienthoai
https://www.thegioididong.com/dtdd/xiaomi-redmi-note-11s?code=0131491002961,dienthoai
https://www.thegioididong.com/dtdd/vivo-t1x?code=0131491003326,dienthoai
https://www.thegioididong.com/dtdd/vivo-t1x?code=0131491003325,dienthoai
https://www.thegioididong.com/dtdd/samsung-galaxy-a14-5g?code=0131491003594,dienthoai
https://www.thegioididong.com/dtdd/samsung-galaxy-a14-5g?code=0131491003597,dienthoai
https://www.thegioididong.com/dtdd/samsung-galaxy-a14-5g?code=0131491003599,dienthoai
https://www.thegioididong.com/dtdd/vivo-y33s?code=0131491003037,dienthoai
https://www.thegioididong.com/dtdd/vivo-y33s?code=0131491002904,dienthoai
https://www.thegioididong.com/dtdd/vivo-y33s?code=0131491002905,dienthoai
https://www.thegioididong.com/dtdd/realme-9i?code=0131491002917,dienthoai
https://www.thegioididong.com/dtdd/realme-9i?code=0131491002918,dienthoai
https://www.thegioididong.com/dtdd/vivo-y22s-8gb,dienthoai
https://www.thegioididong.com/dtdd/oppo-a57-128gb,dienthoai
https://www.thegioididong.com/dtdd/oppo-a17?code=0131491003561,dienthoai
https://www.thegioididong.com/dtdd/oppo-a17?code=0131491003562,dienthoai
https://www.thegioididong.com/dtdd/samsung-galaxy-a13-6gb,dienthoai
https://www.thegioididong.com/dtdd/nokia-g22?code=0131491003689,dienthoai
https://www.thegioididong.com/dtdd/nokia-g22?code=0131491003688,dienthoai
https://www.thegioididong.com/dtdd/samsung-galaxy-a14-4gb,dienthoai
https://www.thegioididong.com/dtdd/realme-c35-128gb,dienthoai
https://www.thegioididong.com/dtdd/oppo-a17k?code=0131491003567,dienthoai
https://www.thegioididong.com/dtdd/oppo-a17k?code=0131491003568,dienthoai
https://www.thegioididong.com/dtdd/oppo-a16?code=0131491002836,dienthoai
https://www.thegioididong.com/dtdd/oppo-a16?code=0131491002835,dienthoai
https://www.thegioididong.com/dtdd/xiaomi-redmi-a2-plus?code=0131491003710,dienthoai
https://www.thegioididong.com/dtdd/xiaomi-redmi-a2-plus?code=0131491003709,dienthoai
https://www.thegioididong.com/dtdd/xiaomi-redmi-a2-plus?code=0131491003711,dienthoai
https://www.thegioididong.com/dtdd/vivo-y02a?code=0131491003694,dienthoai
https://www.thegioididong.com/dtdd/vivo-y02a?code=0131491003695,dienthoai
https://www.thegioididong.com/dtdd/samsung-galaxy-a04-4gb-64gb,dienthoai
https://www.thegioididong.com/dtdd/nokia-c31-3gb?code=0131491003530,dienthoai
https://www.thegioididong.com/dtdd/nokia-c31-3gb?code=0131491003531,dienthoai
https://www.thegioididong.com/dtdd/realme-c33,dienthoai
https://www.thegioididong.com/dtdd/vivo-y01?code=0131491003111,dienthoai
https://www.thegioididong.com/dtdd/vivo-y01?code=0131491003112,dienthoai
https://www.thegioididong.com/dtdd/vivo-y02?code=0131491003589,dienthoai
https://www.thegioididong.com/dtdd/vivo-y02?code=0131491003590,dienthoai
https://www.thegioididong.com/dtdd/xiaomi-redmi-10a?code=0131491003262,dienthoai
https://www.thegioididong.com/dtdd/xiaomi-redmi-10a?code=0131491003264,dienthoai
https://www.thegioididong.com/dtdd/itel-l6502?code=0131491002831,dienthoai
https://www.thegioididong.com/dtdd/itel-l6502?code=0131491002832,dienthoai
https://www.thegioididong.com/dtdd/itel-l6502?code=0131491002858,dienthoai
https://www.thegioididong.com/dtdd/nokia-8210-4g?code=0130018000500,dienthoai
https://www.thegioididong.com/dtdd/nokia-8210-4g?code=0130018000501,dienthoai
https://www.thegioididong.com/dtdd/nokia-8210-4g?code=0130018000502,dienthoai
https://www.thegioididong.com/dtdd/itel-l6006?code=0131491002830,dienthoai
https://www.thegioididong.com/dtdd/itel-l6006?code=0131491002829,dienthoai
https://www.thegioididong.com/dtdd/itel-l6006?code=0131491002828,dienthoai
https://www.thegioididong.com/dtdd/nokia-215?code=0130018000425,dienthoai
https://www.thegioididong.com/dtdd/nokia-215?code=0130018000424,dienthoai
https://www.thegioididong.com/dtdd/mobell-rock-4?code=0130018000513,dienthoai
https://www.thegioididong.com/dtdd/mobell-rock-4?code=0130018000514,dienthoai
https://www.thegioididong.com/dtdd/mobell-rock-4?code=0130018000515,dienthoai
https://www.thegioididong.com/dtdd/masstel-lux-20?code=0130018000494,dienthoai
https://www.thegioididong.com/dtdd/masstel-lux-20?code=0130018000495,dienthoai
https://www.thegioididong.com/dtdd/masstel-lux-20?code=0130018000496,dienthoai
https://www.thegioididong.com/dtdd/nokia-110-4g?code=0130018000456,dienthoai
https://www.thegioididong.com/dtdd/nokia-110-4g?code=0130018000454,dienthoai
https://www.thegioididong.com/dtdd/nokia-110-4g?code=0130018000455,dienthoai
https://www.thegioididong.com/dtdd/mobell-f309?code=0130018000529,dienthoai
https://www.thegioididong.com/dtdd/mobell-f309?code=0130018000527,dienthoai
https://www.thegioididong.com/dtdd/mobell-f309?code=0130018000528,dienthoai
https://www.thegioididong.com/dtdd/masstel-fami-60?code=0130018000467,dienthoai
https://www.thegioididong.com/dtdd/masstel-fami-60?code=0130018000468,dienthoai
https://www.thegioididong.com/dtdd/masstel-fami-60?code=0130018000493,dienthoai
https://www.thegioididong.com/dtdd/mobell-m539?code=0130018000505,dienthoai
https://www.thegioididong.com/dtdd/mobell-m539?code=0130018000504,dienthoai
https://www.thegioididong.com/dtdd/mobell-m539?code=0130018000503,dienthoai
https://www.thegioididong.com/dtdd/nokia-105-4g?code=0130018000452,dienthoai
https://www.thegioididong.com/dtdd/nokia-105-4g?code=0130018000451,dienthoai
https://www.thegioididong.com/dtdd/nokia-105-4g?code=0130018000453,dienthoai
https://www.thegioididong.com/dtdd/itel-it9210?code=0130018000460,dienthoai
https://www.thegioididong.com/dtdd/itel-it9210?code=0130018000471,dienthoai
https://www.thegioididong.com/dtdd/mobell-f209?code=0130018000521,dienthoai
https://www.thegioididong.com/dtdd/mobell-f209?code=0130018000522,dienthoai
https://www.thegioididong.com/dtdd/masstel-fami-12-4g?code=0130018000476,dienthoai
https://www.thegioididong.com/dtdd/masstel-fami-12-4g?code=0130018000475,dienthoai
https://www.thegioididong.com/dtdd/masstel-fami-12-4g?code=0130018000477,dienthoai
https://www.thegioididong.com/dtdd/masstel-izi-26-4g?code=0130018000516,dienthoai
https://www.thegioididong.com/dtdd/masstel-izi-26-4g?code=0130018000517,dienthoai
https://www.thegioididong.com/dtdd/itel-it9010?code=0130018000487,dienthoai
https://www.thegioididong.com/dtdd/itel-it9010?code=0131491003201,dienthoai
https://www.thegioididong.com/dtdd/masstel-lux-10?code=0130018000518,dienthoai
https://www.thegioididong.com/dtdd/masstel-lux-10?code=0130018000519,dienthoai
https://www.thegioididong.com/dtdd/masstel-lux-10?code=0130018000520,dienthoai
https://www.thegioididong.com/dtdd/mobell-m239?code=0130018000492,dienthoai
https://www.thegioididong.com/dtdd/mobell-m239?code=0130018000490,dienthoai
https://www.thegioididong.com/dtdd/mobell-m239?code=0130018000491,dienthoai
https://www.thegioididong.com/dtdd/masstel-izi-10-4g?code=0130018000463,dienthoai
https://www.thegioididong.com/dtdd/masstel-izi-10-4g?code=0130018000474,dienthoai
https://www.thegioididong.com/dtdd/masstel-izi-10-4g?code=0130018000462,dienthoai
https://www.thegioididong.com/may-tinh-bang/ipad-9-wifi-256gb,tablet
https://www.thegioididong.com/may-tinh-bang/ipad-10,tablet
https://www.thegioididong.com/may-tinh-bang/ipad-pro-m1-11-inch-wifi-2tb-2021?code=2440931000437,tablet
https://www.thegioididong.com/may-tinh-bang/ipad-pro-m1-11-inch-wifi-2tb-2021?code=2440931000438,tablet
https://www.thegioididong.com/may-tinh-bang/ipad-mini-6-wifi-256gb,tablet
https://www.thegioididong.com/may-tinh-bang/ipad-pro-m1-129-inch-wifi-cellular-2tb-2021,tablet
https://www.thegioididong.com/may-tinh-bang/samsung-galaxy-tab-a8?code=2440931000458,tablet
https://www.thegioididong.com/may-tinh-bang/samsung-galaxy-tab-a8?code=2440931000459,tablet
https://www.thegioididong.com/may-tinh-bang/lenovo-tab-m8?code=2440931000453,tablet
https://www.thegioididong.com/may-tinh-bang/lenovo-tab-m8?code=2440931000275,tablet
https://www.thegioididong.com/may-tinh-bang/samsung-galaxy-tab-a7-lite?code=2440931000358,tablet
https://www.thegioididong.com/may-tinh-bang/samsung-galaxy-tab-a7-lite?code=2440931000357,tablet
https://www.thegioididong.com/may-tinh-bang/samsung-galaxy-tab-s7-fan-editon?code=2440931000363,tablet
https://www.thegioididong.com/may-tinh-bang/samsung-galaxy-tab-s7-fan-editon?code=2440931000364,tablet
https://www.thegioididong.com/may-tinh-bang/samsung-galaxy-tab-s7-fan-editon?code=2440931000540,tablet
https://www.thegioididong.com/may-tinh-bang/ipad-pro-m1-11-inch-wifi-cellular-2tb-2021?code=2440931000443,tablet
https://www.thegioididong.com/may-tinh-bang/ipad-pro-m1-11-inch-wifi-cellular-2tb-2021?code=2440931000444,tablet
https://www.thegioididong.com/may-tinh-bang/ipad-pro-m1-129-inch-wifi-512gb-2021,tablet
https://www.thegioididong.com/may-tinh-bang/ipad-pro-m1-129-inch-wifi-1tb-2021,tablet
https://www.thegioididong.com/may-tinh-bang/ipad-pro-m1-129-inch-wifi-2tb-2021,tablet
https://www.thegioididong.com/may-tinh-bang/ipad-pro-m2-11-wifi-256gb,tablet
https://www.thegioididong.com/may-tinh-bang/ipad-pro-m2-11-wifi-512gb,tablet
https://www.thegioididong.com/may-tinh-bang/ipad-air-5?code=2440931000491,tablet
https://www.thegioididong.com/may-tinh-bang/ipad-air-5?code=2440931000496,tablet
https://www.thegioididong.com/may-tinh-bang/ipad-air-5?code=2440931000497,tablet
https://www.thegioididong.com/may-tinh-bang/ipad-10-wifi-cellular-64gb?code=2440931000592,tablet
https://www.thegioididong.com/may-tinh-bang/ipad-10-wifi-cellular-64gb?code=2440931000591,tablet
https://www.thegioididong.com/may-tinh-bang/ipad-9-wifi-cellular-256gb,tablet
https://www.thegioididong.com/may-tinh-bang/lenovo-tab-p11-plus?code=2440931000409,tablet
https://www.thegioididong.com/may-tinh-bang/lenovo-tab-p11-plus?code=2440931000460,tablet
https://www.thegioididong.com/may-tinh-bang/lenovo-tab-m10-gen-3-4gb-64gb,tablet
https://www.thegioididong.com/may-tinh-bang/lenovo-tab-m10-fhd-plus,tablet
https://www.thegioididong.com/may-tinh-bang/masstel-tab-10a?code=2440931000456,tablet
https://www.thegioididong.com/may-tinh-bang/masstel-tab-10a?code=2440931000457,tablet
https://www.thegioididong.com/may-tinh-bang/masstel-tab-10s?code=2440931000428,tablet
https://www.thegioididong.com/may-tinh-bang/masstel-tab-10s?code=2440931000429,tablet

